filepath,label,tool,window,end_seconds,level_dbfs,score,smoothed
${DATA_ROOT}/clips/111627_bYPRSx2sjXooUdv8_0004.wav,bonafide,none,0,4.0,-22.97,0.999848484992981,0.999848484992981
${DATA_ROOT}/clips/111627_bYPRSx2sjXooUdv8_0009.wav,bonafide,none,0,4.0,-23.74,0.9953588843345642,0.9953588843345642
${DATA_ROOT}/clips/111627_bYPRSx2sjXooUdv8_0009.wav,bonafide,none,1,6.0,-21.8,0.9881221652030945,0.9917405247688293
${DATA_ROOT}/clips/111627_bYPRSx2sjXooUdv8_0014.wav,bonafide,none,0,4.0,-22.47,0.999193012714386,0.999193012714386
${DATA_ROOT}/clips/111627_bYPRSx2sjXooUdv8_0018.wav,bonafide,none,0,4.0,-24.22,0.9998149275779724,0.9998149275779724
${DATA_ROOT}/clips/111627_bYPRSx2sjXooUdv8_0019.wav,bonafide,none,0,4.0,-24.97,0.9987708926200867,0.9987708926200867
${DATA_ROOT}/clips/111627_bYPRSx2sjXooUdv8_0019.wav,bonafide,none,1,6.0,-21.71,0.999711811542511,0.9992413520812988
${DATA_ROOT}/clips/111627_bYPRSx2sjXooUdv8_0019.wav,bonafide,none,2,8.0,-21.52,0.9997796416282654,0.9995104968547821
${DATA_ROOT}/clips/111627_bYPRSx2sjXooUdv8_0019.wav,bonafide,none,3,10.0,-23.75,0.9997708201408386,0.9996406584978104
${DATA_ROOT}/clips/111627_bYPRSx2sjXooUdv8_0019.wav,bonafide,none,4,12.0,-23.08,0.9998854398727417,0.999763049185276
${DATA_ROOT}/clips/111627_bYPRSx2sjXooUdv8_0031.wav,bonafide,none,0,4.0,-24.21,0.9990302324295044,0.9990302324295044
${DATA_ROOT}/clips/111627_bYPRSx2sjXooUdv8_0034.wav,bonafide,none,0,4.0,-23.2,0.9988313317298889,0.9988313317298889
${DATA_ROOT}/clips/111627_bYPRSx2sjXooUdv8_0034.wav,bonafide,none,1,6.0,-25.49,0.952189564704895,0.975510448217392
${DATA_ROOT}/clips/111627_bYPRSx2sjXooUdv8_0034.wav,bonafide,none,2,8.0,-24.03,0.9997678399085999,0.9876391440629959
${DATA_ROOT}/clips/111627_bYPRSx2sjXooUdv8_0034.wav,bonafide,none,3,10.0,-21.06,0.9993053674697876,0.9934722557663918
${DATA_ROOT}/clips/111627_bYPRSx2sjXooUdv8_0052.wav,bonafide,none,0,4.0,-25.98,0.9992985725402832,0.9992985725402832
${DATA_ROOT}/clips/111627_bYPRSx2sjXooUdv8_0053.wav,bonafide,none,0,4.0,-22.97,0.9995381832122803,0.9995381832122803
${DATA_ROOT}/clips/111627_bYPRSx2sjXooUdv8_0054.wav,bonafide,none,0,4.0,-22.97,0.9998142123222351,0.9998142123222351
${DATA_ROOT}/clips/111627_bYPRSx2sjXooUdv8_0066.wav,bonafide,none,0,4.0,-24.22,0.9998156428337097,0.9998156428337097
${DATA_ROOT}/clips/111627_bYPRSx2sjXooUdv8_0082.wav,bonafide,none,0,4.0,-24.22,0.9990793466567993,0.9990793466567993
${DATA_ROOT}/clips/111627_bYPRSx2sjXooUdv8_0085.wav,bonafide,none,0,4.0,-24.21,0.9950640797615051,0.9950640797615051
${DATA_ROOT}/clips/111627_bYPRSx2sjXooUdv8_0089.wav,bonafide,none,0,4.0,-20.56,0.997632622718811,0.997632622718811
${DATA_ROOT}/clips/111627_bYPRSx2sjXooUdv8_0089.wav,bonafide,none,1,6.0,-23.24,0.9992006421089172,0.9984166324138641
${DATA_ROOT}/clips/111627_bYPRSx2sjXooUdv8_0107.wav,bonafide,none,0,4.0,-24.23,0.9932475090026855,0.9932475090026855
${DATA_ROOT}/clips/111627_bYPRSx2sjXooUdv8_0113.wav,bonafide,none,0,4.0,-23.25,0.9998154044151306,0.9998154044151306
${DATA_ROOT}/clips/111627_bYPRSx2sjXooUdv8_0113.wav,bonafide,none,1,6.0,-21.23,0.9998974800109863,0.9998564422130585
${DATA_ROOT}/clips/111627_bYPRSx2sjXooUdv8_0122.wav,bonafide,none,0,4.0,-22.0,0.9961543679237366,0.9961543679237366
${DATA_ROOT}/clips/121073_hhahrO4yUEy8GC5n_0014.wav,bonafide,none,0,4.0,-22.47,0.9996153116226196,0.9996153116226196
${DATA_ROOT}/clips/121073_hhahrO4yUEy8GC5n_0015.wav,bonafide,none,0,4.0,-22.93,0.9996175765991211,0.9996175765991211
${DATA_ROOT}/clips/121073_hhahrO4yUEy8GC5n_0015.wav,bonafide,none,1,6.0,-23.02,0.999538779258728,0.9995781779289246
${DATA_ROOT}/clips/121073_hhahrO4yUEy8GC5n_0021.wav,bonafide,none,0,4.0,-21.4,0.999536395072937,0.999536395072937
${DATA_ROOT}/clips/121073_hhahrO4yUEy8GC5n_0021.wav,bonafide,none,1,6.0,-26.85,0.999404788017273,0.999470591545105
${DATA_ROOT}/clips/121073_hhahrO4yUEy8GC5n_0025.wav,bonafide,none,0,4.0,-23.2,0.9997484087944031,0.9997484087944031
${DATA_ROOT}/clips/121073_hhahrO4yUEy8GC5n_0025.wav,bonafide,none,1,6.0,-27.28,0.9988683462142944,0.9993083775043488
${DATA_ROOT}/clips/121073_hhahrO4yUEy8GC5n_0025.wav,bonafide,none,2,8.0,-24.08,0.9996421337127686,0.9994752556085587
${DATA_ROOT}/clips/121073_hhahrO4yUEy8GC5n_0032.wav,bonafide,none,0,4.0,-22.58,0.9997137188911438,0.9997137188911438
${DATA_ROOT}/clips/121073_hhahrO4yUEy8GC5n_0032.wav,bonafide,none,1,6.0,-22.46,0.999731719493866,0.9997227191925049
${DATA_ROOT}/clips/121073_hhahrO4yUEy8GC5n_0032.wav,bonafide,none,2,8.0,-23.22,0.9997194409370422,0.9997210800647736
${DATA_ROOT}/clips/121073_hhahrO4yUEy8GC5n_0034.wav,bonafide,none,0,4.0,-23.19,0.9998493194580078,0.9998493194580078
${DATA_ROOT}/clips/121073_hhahrO4yUEy8GC5n_0034.wav,bonafide,none,1,6.0,-22.89,0.9998682737350464,0.9998587965965271
${DATA_ROOT}/clips/121073_hhahrO4yUEy8GC5n_0034.wav,bonafide,none,2,8.0,-22.81,0.9998018145561218,0.9998303055763245
${DATA_ROOT}/clips/121073_hhahrO4yUEy8GC5n_0044.wav,bonafide,none,0,4.0,-22.37,0.9996210336685181,0.9996210336685181
${DATA_ROOT}/clips/121073_hhahrO4yUEy8GC5n_0044.wav,bonafide,none,1,6.0,-22.1,0.9994951486587524,0.9995580911636353
${DATA_ROOT}/clips/121073_hhahrO4yUEy8GC5n_0048.wav,bonafide,none,0,4.0,-23.25,0.9996832609176636,0.9996832609176636
${DATA_ROOT}/clips/121073_hhahrO4yUEy8GC5n_0048.wav,bonafide,none,1,6.0,-22.94,0.9995810389518738,0.9996321499347687
${DATA_ROOT}/clips/121073_hhahrO4yUEy8GC5n_0055.wav,bonafide,none,0,4.0,-23.01,0.9995513558387756,0.9995513558387756
${DATA_ROOT}/clips/121073_hhahrO4yUEy8GC5n_0060.wav,bonafide,none,0,4.0,-26.07,0.9995991587638855,0.9995991587638855
${DATA_ROOT}/clips/121073_hhahrO4yUEy8GC5n_0064.wav,bonafide,none,0,4.0,-23.06,0.9993836879730225,0.9993836879730225
${DATA_ROOT}/clips/121073_hhahrO4yUEy8GC5n_0065.wav,bonafide,none,0,4.0,-24.23,0.9993208646774292,0.9993208646774292
${DATA_ROOT}/clips/121073_hhahrO4yUEy8GC5n_0075.wav,bonafide,none,0,4.0,-23.03,0.999735414981842,0.999735414981842
${DATA_ROOT}/clips/121073_hhahrO4yUEy8GC5n_0077.wav,bonafide,none,0,4.0,-22.73,0.9997510313987732,0.9997510313987732
${DATA_ROOT}/clips/121073_hhahrO4yUEy8GC5n_0077.wav,bonafide,none,1,6.0,-23.06,0.9996305704116821,0.9996908009052277
${DATA_ROOT}/clips/121073_hhahrO4yUEy8GC5n_0077.wav,bonafide,none,2,8.0,-23.72,0.9997057318687439,0.9996982663869858
${DATA_ROOT}/clips/136325_9qNmHPrUpNLAykHf_0013.wav,bonafide,none,0,4.0,-23.0,0.9994124174118042,0.9994124174118042
${DATA_ROOT}/clips/136325_9qNmHPrUpNLAykHf_0017.wav,bonafide,none,0,4.0,-23.82,0.9997661709785461,0.9997661709785461
${DATA_ROOT}/clips/136325_9qNmHPrUpNLAykHf_0017.wav,bonafide,none,1,6.0,-22.74,0.9998657703399658,0.999815970659256
${DATA_ROOT}/clips/136325_9qNmHPrUpNLAykHf_0017.wav,bonafide,none,2,8.0,-22.88,0.9998742341995239,0.99984510242939
${DATA_ROOT}/clips/136325_9qNmHPrUpNLAykHf_0021.wav,bonafide,none,0,4.0,-24.08,0.9998013377189636,0.9998013377189636
${DATA_ROOT}/clips/136325_9qNmHPrUpNLAykHf_0021.wav,bonafide,none,1,6.0,-21.85,0.9998577833175659,0.9998295605182648
${DATA_ROOT}/clips/136325_9qNmHPrUpNLAykHf_0023.wav,bonafide,none,0,4.0,-23.1,0.9997313618659973,0.9997313618659973
${DATA_ROOT}/clips/136325_9qNmHPrUpNLAykHf_0023.wav,bonafide,none,1,6.0,-22.82,0.9998067021369934,0.9997690320014954
${DATA_ROOT}/clips/136325_9qNmHPrUpNLAykHf_0027.wav,bonafide,none,0,4.0,-22.98,0.9996720552444458,0.9996720552444458
${DATA_ROOT}/clips/136325_9qNmHPrUpNLAykHf_0043.wav,bonafide,none,0,4.0,-23.0,0.9998206496238708,0.9998206496238708
${DATA_ROOT}/clips/136325_9qNmHPrUpNLAykHf_0047.wav,bonafide,none,0,4.0,-23.01,0.9998340606689453,0.9998340606689453
${DATA_ROOT}/clips/136325_9qNmHPrUpNLAykHf_0047.wav,bonafide,none,1,6.0,-23.01,0.9995299577713013,0.9996820092201233
${DATA_ROOT}/clips/136325_9qNmHPrUpNLAykHf_0048.wav,bonafide,none,0,4.0,-24.23,0.9994614720344543,0.9994614720344543
${DATA_ROOT}/clips/136325_9qNmHPrUpNLAykHf_0053.wav,bonafide,none,0,4.0,-22.44,0.9997681975364685,0.9997681975364685
${DATA_ROOT}/clips/136325_9qNmHPrUpNLAykHf_0053.wav,bonafide,none,1,6.0,-23.7,0.9993199110031128,0.9995440542697906
${DATA_ROOT}/clips/136325_9qNmHPrUpNLAykHf_0054.wav,bonafide,none,0,4.0,-22.78,0.9988285899162292,0.9988285899162292
${DATA_ROOT}/clips/136325_9qNmHPrUpNLAykHf_0062.wav,bonafide,none,0,4.0,-23.51,0.9997952580451965,0.9997952580451965
${DATA_ROOT}/clips/136325_9qNmHPrUpNLAykHf_0062.wav,bonafide,none,1,6.0,-22.06,0.9996674060821533,0.9997313320636749
${DATA_ROOT}/clips/136325_9qNmHPrUpNLAykHf_0065.wav,bonafide,none,0,4.0,-23.52,0.9998279809951782,0.9998279809951782
${DATA_ROOT}/clips/136325_9qNmHPrUpNLAykHf_0065.wav,bonafide,none,1,6.0,-22.59,0.9997044205665588,0.9997662007808685
${DATA_ROOT}/clips/136325_9qNmHPrUpNLAykHf_0072.wav,bonafide,none,0,4.0,-22.22,0.9998304843902588,0.9998304843902588
${DATA_ROOT}/clips/136325_9qNmHPrUpNLAykHf_0092.wav,bonafide,none,0,4.0,-22.84,0.9987672567367554,0.9987672567367554
${DATA_ROOT}/clips/136325_9qNmHPrUpNLAykHf_0092.wav,bonafide,none,1,6.0,-22.22,0.9997851252555847,0.99927619099617
${DATA_ROOT}/clips/136325_9qNmHPrUpNLAykHf_0092.wav,bonafide,none,2,8.0,-23.29,0.9996860027313232,0.9994810968637466
${DATA_ROOT}/clips/136325_9qNmHPrUpNLAykHf_0097.wav,bonafide,none,0,4.0,-24.14,0.9997181296348572,0.9997181296348572
${DATA_ROOT}/clips/136325_9qNmHPrUpNLAykHf_0097.wav,bonafide,none,1,6.0,-22.62,0.9997233748435974,0.9997207522392273
${DATA_ROOT}/clips/146859_PmtkP19rpHKX5Ue1_0000.wav,bonafide,none,0,4.0,-22.37,0.9996852874755859,0.9996852874755859
${DATA_ROOT}/clips/146859_PmtkP19rpHKX5Ue1_0000.wav,bonafide,none,1,6.0,-23.65,0.9996601343154907,0.9996727108955383
${DATA_ROOT}/clips/146859_PmtkP19rpHKX5Ue1_0002.wav,bonafide,none,0,4.0,-23.87,0.9995972514152527,0.9995972514152527
${DATA_ROOT}/clips/146859_PmtkP19rpHKX5Ue1_0002.wav,bonafide,none,1,6.0,-24.7,0.9987711310386658,0.9991841912269592
${DATA_ROOT}/clips/146859_PmtkP19rpHKX5Ue1_0002.wav,bonafide,none,2,8.0,-23.73,0.9996172189712524,0.9994007050991058
${DATA_ROOT}/clips/146859_PmtkP19rpHKX5Ue1_0002.wav,bonafide,none,3,10.0,-21.85,0.9997406601905823,0.999570682644844
${DATA_ROOT}/clips/146859_PmtkP19rpHKX5Ue1_0007.wav,bonafide,none,0,4.0,-22.94,0.9996021389961243,0.9996021389961243
${DATA_ROOT}/clips/146859_PmtkP19rpHKX5Ue1_0007.wav,bonafide,none,1,6.0,-22.81,0.999784529209137,0.9996933341026306
${DATA_ROOT}/clips/146859_PmtkP19rpHKX5Ue1_0007.wav,bonafide,none,2,8.0,-22.29,0.9997718930244446,0.9997326135635376
${DATA_ROOT}/clips/146859_PmtkP19rpHKX5Ue1_0007.wav,bonafide,none,3,10.0,-23.38,0.9997554421424866,0.9997440278530121
${DATA_ROOT}/clips/146859_PmtkP19rpHKX5Ue1_0009.wav,bonafide,none,0,4.0,-22.18,0.9997954964637756,0.9997954964637756
${DATA_ROOT}/clips/146859_PmtkP19rpHKX5Ue1_0009.wav,bonafide,none,1,6.0,-23.36,0.999813973903656,0.9998047351837158
${DATA_ROOT}/clips/146859_PmtkP19rpHKX5Ue1_0011.wav,bonafide,none,0,4.0,-22.18,0.9997448325157166,0.9997448325157166
${DATA_ROOT}/clips/146859_PmtkP19rpHKX5Ue1_0018.wav,bonafide,none,0,4.0,-22.97,0.9997403025627136,0.9997403025627136
${DATA_ROOT}/clips/146859_PmtkP19rpHKX5Ue1_0025.wav,bonafide,none,0,4.0,-22.03,0.9996471405029297,0.9996471405029297
${DATA_ROOT}/clips/146859_PmtkP19rpHKX5Ue1_0034.wav,bonafide,none,0,4.0,-22.99,0.9993081092834473,0.9993081092834473
${DATA_ROOT}/clips/146859_PmtkP19rpHKX5Ue1_0046.wav,bonafide,none,0,4.0,-21.34,0.9996777772903442,0.9996777772903442
${DATA_ROOT}/clips/146859_PmtkP19rpHKX5Ue1_0046.wav,bonafide,none,1,6.0,-23.18,0.9995071887969971,0.9995924830436707
${DATA_ROOT}/clips/146859_PmtkP19rpHKX5Ue1_0046.wav,bonafide,none,2,8.0,-25.72,0.9994787573814392,0.9995356202125549
${DATA_ROOT}/clips/146859_PmtkP19rpHKX5Ue1_0052.wav,bonafide,none,0,4.0,-22.03,0.9994968175888062,0.9994968175888062
${DATA_ROOT}/clips/146859_PmtkP19rpHKX5Ue1_0068.wav,bonafide,none,0,4.0,-22.81,0.9986442923545837,0.9986442923545837
${DATA_ROOT}/clips/146859_PmtkP19rpHKX5Ue1_0071.wav,bonafide,none,0,4.0,-21.24,0.9996360540390015,0.9996360540390015
${DATA_ROOT}/clips/146859_PmtkP19rpHKX5Ue1_0071.wav,bonafide,none,1,6.0,-24.94,0.9996358156204224,0.9996359348297119
${DATA_ROOT}/clips/146859_PmtkP19rpHKX5Ue1_0073.wav,bonafide,none,0,4.0,-23.36,0.9996353387832642,0.9996353387832642
${DATA_ROOT}/clips/146859_PmtkP19rpHKX5Ue1_0073.wav,bonafide,none,1,6.0,-22.93,0.9988827109336853,0.9992590248584747
${DATA_ROOT}/clips/146859_PmtkP19rpHKX5Ue1_0091.wav,bonafide,none,0,4.0,-22.1,0.9996205568313599,0.9996205568313599
${DATA_ROOT}/clips/146859_PmtkP19rpHKX5Ue1_0094.wav,bonafide,none,0,4.0,-22.02,0.9997410178184509,0.9997410178184509
${DATA_ROOT}/clips/146859_PmtkP19rpHKX5Ue1_0100.wav,bonafide,none,0,4.0,-22.01,0.9995775818824768,0.9995775818824768
${DATA_ROOT}/clips/146859_PmtkP19rpHKX5Ue1_0104.wav,bonafide,none,0,4.0,-23.48,0.6667919158935547,0.6667919158935547
${DATA_ROOT}/clips/146859_PmtkP19rpHKX5Ue1_0104.wav,bonafide,none,1,6.0,-22.77,0.0005608903593383729,0.33367640312644653
${DATA_ROOT}/clips/146859_PmtkP19rpHKX5Ue1_0106.wav,bonafide,none,0,4.0,-21.24,0.9996751546859741,0.9996751546859741
${DATA_ROOT}/clips/146859_PmtkP19rpHKX5Ue1_0106.wav,bonafide,none,1,6.0,-21.94,0.9996030926704407,0.9996391236782074
${DATA_ROOT}/clips/146859_PmtkP19rpHKX5Ue1_0106.wav,bonafide,none,2,8.0,-23.91,0.9996428489685059,0.9996409863233566
${DATA_ROOT}/clips/146859_PmtkP19rpHKX5Ue1_0106.wav,bonafide,none,3,10.0,-25.47,0.9996881484985352,0.9996645674109459
${DATA_ROOT}/clips/146859_PmtkP19rpHKX5Ue1_0114.wav,bonafide,none,0,4.0,-22.78,0.9995673298835754,0.9995673298835754
${DATA_ROOT}/clips/146859_PmtkP19rpHKX5Ue1_0117.wav,bonafide,none,0,4.0,-23.0,0.9996942281723022,0.9996942281723022
${DATA_ROOT}/clips/146859_PmtkP19rpHKX5Ue1_0124.wav,bonafide,none,0,4.0,-21.24,0.9996581077575684,0.9996581077575684
${DATA_ROOT}/clips/146859_PmtkP19rpHKX5Ue1_0124.wav,bonafide,none,1,6.0,-43.27,0.6337615847587585,0.8167098462581635
${DATA_ROOT}/clips/146859_PmtkP19rpHKX5Ue1_0130.wav,bonafide,none,0,4.0,-24.23,0.9996901750564575,0.9996901750564575
${DATA_ROOT}/clips/146859_PmtkP19rpHKX5Ue1_0138.wav,bonafide,none,0,4.0,-22.69,0.9995504021644592,0.9995504021644592
${DATA_ROOT}/clips/146859_PmtkP19rpHKX5Ue1_0138.wav,bonafide,none,1,6.0,-21.84,0.9996187686920166,0.9995845854282379
${DATA_ROOT}/clips/146859_PmtkP19rpHKX5Ue1_0138.wav,bonafide,none,2,8.0,-23.27,0.9996581077575684,0.9996213465929031
${DATA_ROOT}/clips/146859_PmtkP19rpHKX5Ue1_0138.wav,bonafide,none,3,10.0,-25.36,0.9997668862342834,0.9996941164135933
${DATA_ROOT}/clips/146859_PmtkP19rpHKX5Ue1_0138.wav,bonafide,none,4,12.0,-23.04,0.9997971653938293,0.9997456409037113
${DATA_ROOT}/clips/165325_4r0Tic1Kpymq5vvC_0010.wav,bonafide,none,0,4.0,-22.62,0.9991818070411682,0.9991818070411682
${DATA_ROOT}/clips/165325_4r0Tic1Kpymq5vvC_0010.wav,bonafide,none,1,6.0,-20.78,0.9989632368087769,0.9990725219249725
${DATA_ROOT}/clips/165325_4r0Tic1Kpymq5vvC_0010.wav,bonafide,none,2,8.0,-23.35,0.9988383650779724,0.9989554435014725
${DATA_ROOT}/clips/165325_4r0Tic1Kpymq5vvC_0013.wav,bonafide,none,0,4.0,-23.26,0.9997726082801819,0.9997726082801819
${DATA_ROOT}/clips/165325_4r0Tic1Kpymq5vvC_0013.wav,bonafide,none,1,6.0,-20.78,0.9995812773704529,0.9996769428253174
${DATA_ROOT}/clips/165325_4r0Tic1Kpymq5vvC_0013.wav,bonafide,none,2,8.0,-23.88,0.9995381832122803,0.9996075630187988
${DATA_ROOT}/clips/165325_4r0Tic1Kpymq5vvC_0013.wav,bonafide,none,3,10.0,-26.92,0.9996330738067627,0.9996203184127808
${DATA_ROOT}/clips/165325_4r0Tic1Kpymq5vvC_0013.wav,bonafide,none,4,12.0,-22.76,0.9996925592422485,0.9996564388275146
${DATA_ROOT}/clips/165325_4r0Tic1Kpymq5vvC_0013.wav,bonafide,none,5,14.0,-20.89,0.9993902444839478,0.9995233416557312
${DATA_ROOT}/clips/165325_4r0Tic1Kpymq5vvC_0013.wav,bonafide,none,6,16.0,-22.48,0.9996914863586426,0.9996074140071869
${DATA_ROOT}/clips/165325_4r0Tic1Kpymq5vvC_0013.wav,bonafide,none,7,18.0,-24.22,0.9993485808372498,0.9994779974222183
${DATA_ROOT}/clips/165325_4r0Tic1Kpymq5vvC_0013.wav,bonafide,none,8,20.0,-22.58,0.9994713664054871,0.9994746819138527
${DATA_ROOT}/clips/165325_4r0Tic1Kpymq5vvC_0033.wav,bonafide,none,0,4.0,-23.34,0.9991204142570496,0.9991204142570496
${DATA_ROOT}/clips/165325_4r0Tic1Kpymq5vvC_0033.wav,bonafide,none,1,6.0,-23.7,0.9993712306022644,0.999245822429657
${DATA_ROOT}/clips/165325_4r0Tic1Kpymq5vvC_0035.wav,bonafide,none,0,4.0,-23.25,0.9997875094413757,0.9997875094413757
${DATA_ROOT}/clips/165325_4r0Tic1Kpymq5vvC_0035.wav,bonafide,none,1,6.0,-23.54,0.9998015761375427,0.9997945427894592
${DATA_ROOT}/clips/165325_4r0Tic1Kpymq5vvC_0035.wav,bonafide,none,2,8.0,-22.25,0.9996527433395386,0.9997236430644989
${DATA_ROOT}/clips/165325_4r0Tic1Kpymq5vvC_0041.wav,bonafide,none,0,4.0,-21.87,0.9993962049484253,0.9993962049484253
${DATA_ROOT}/clips/165325_4r0Tic1Kpymq5vvC_0041.wav,bonafide,none,1,6.0,-23.08,0.9995680451393127,0.999482125043869
${DATA_ROOT}/clips/165325_4r0Tic1Kpymq5vvC_0043.wav,bonafide,none,0,4.0,-24.97,0.9990498423576355,0.9990498423576355
${DATA_ROOT}/clips/165325_4r0Tic1Kpymq5vvC_0043.wav,bonafide,none,1,6.0,-23.4,0.9993727803230286,0.999211311340332
${DATA_ROOT}/clips/165325_4r0Tic1Kpymq5vvC_0043.wav,bonafide,none,2,8.0,-21.6,0.9995679259300232,0.9993896186351776
${DATA_ROOT}/clips/165325_4r0Tic1Kpymq5vvC_0046.wav,bonafide,none,0,4.0,-21.34,0.9996867179870605,0.9996867179870605
${DATA_ROOT}/clips/165325_4r0Tic1Kpymq5vvC_0046.wav,bonafide,none,1,6.0,-23.49,0.9942360520362854,0.996961385011673
${DATA_ROOT}/clips/165325_4r0Tic1Kpymq5vvC_0046.wav,bonafide,none,2,8.0,-25.6,0.996582567691803,0.996771976351738
${DATA_ROOT}/clips/165325_4r0Tic1Kpymq5vvC_0058.wav,bonafide,none,0,4.0,-22.97,0.9995729327201843,0.9995729327201843
${DATA_ROOT}/clips/165325_4r0Tic1Kpymq5vvC_0063.wav,bonafide,none,0,4.0,-24.41,0.9986176490783691,0.9986176490783691
${DATA_ROOT}/clips/165325_4r0Tic1Kpymq5vvC_0063.wav,bonafide,none,1,6.0,-23.71,0.9974966645240784,0.9980571568012238
${DATA_ROOT}/clips/165325_4r0Tic1Kpymq5vvC_0063.wav,bonafide,none,2,8.0,-21.89,0.9982162117958069,0.9981366842985153
${DATA_ROOT}/clips/165325_4r0Tic1Kpymq5vvC_0064.wav,bonafide,none,0,4.0,-26.08,0.8565645217895508,0.8565645217895508
${DATA_ROOT}/clips/165325_4r0Tic1Kpymq5vvC_0064.wav,bonafide,none,1,6.0,-22.48,0.9994964599609375,0.9280304908752441
${DATA_ROOT}/clips/165325_4r0Tic1Kpymq5vvC_0064.wav,bonafide,none,2,8.0,-21.16,0.9990826845169067,0.9635565876960754
${DATA_ROOT}/clips/175522_7Hz37FoUWV3ZFiMU_0003.wav,bonafide,none,0,4.0,-23.09,0.9996175765991211,0.9996175765991211
${DATA_ROOT}/clips/175522_7Hz37FoUWV3ZFiMU_0004.wav,bonafide,none,0,4.0,-22.64,0.9997685551643372,0.9997685551643372
${DATA_ROOT}/clips/175522_7Hz37FoUWV3ZFiMU_0012.wav,bonafide,none,0,4.0,-22.89,0.999398946762085,0.999398946762085
${DATA_ROOT}/clips/175522_7Hz37FoUWV3ZFiMU_0012.wav,bonafide,none,1,6.0,-23.27,0.9994446635246277,0.9994218051433563
${DATA_ROOT}/clips/175522_7Hz37FoUWV3ZFiMU_0016.wav,bonafide,none,0,4.0,-22.73,0.9989720582962036,0.9989720582962036
${DATA_ROOT}/clips/175522_7Hz37FoUWV3ZFiMU_0032.wav,bonafide,none,0,4.0,-21.87,0.9996594190597534,0.9996594190597534
${DATA_ROOT}/clips/175522_7Hz37FoUWV3ZFiMU_0032.wav,bonafide,none,1,6.0,-22.32,0.9996148347854614,0.9996371269226074
${DATA_ROOT}/clips/175522_7Hz37FoUWV3ZFiMU_0032.wav,bonafide,none,2,8.0,-24.58,0.9992803931236267,0.9994587600231171
${DATA_ROOT}/clips/175522_7Hz37FoUWV3ZFiMU_0039.wav,bonafide,none,0,4.0,-24.23,0.9997565150260925,0.9997565150260925
${DATA_ROOT}/clips/175522_7Hz37FoUWV3ZFiMU_0041.wav,bonafide,none,0,4.0,-23.01,0.9997888207435608,0.9997888207435608
${DATA_ROOT}/clips/175522_7Hz37FoUWV3ZFiMU_0046.wav,bonafide,none,0,4.0,-23.65,0.9996110796928406,0.9996110796928406
${DATA_ROOT}/clips/175522_7Hz37FoUWV3ZFiMU_0046.wav,bonafide,none,1,6.0,-22.27,0.9996947050094604,0.9996528923511505
${DATA_ROOT}/clips/175522_7Hz37FoUWV3ZFiMU_0053.wav,bonafide,none,0,4.0,-23.1,0.9995887875556946,0.9995887875556946
${DATA_ROOT}/clips/175522_7Hz37FoUWV3ZFiMU_0054.wav,bonafide,none,0,4.0,-21.06,0.9995917677879333,0.9995917677879333
${DATA_ROOT}/clips/175522_7Hz37FoUWV3ZFiMU_0054.wav,bonafide,none,1,6.0,-22.8,0.9996029734611511,0.9995973706245422
${DATA_ROOT}/clips/175522_7Hz37FoUWV3ZFiMU_0054.wav,bonafide,none,2,8.0,-26.53,0.9995385408401489,0.9995679557323456
${DATA_ROOT}/clips/175522_7Hz37FoUWV3ZFiMU_0057.wav,bonafide,none,0,4.0,-22.97,0.9997757077217102,0.9997757077217102
${DATA_ROOT}/clips/175522_7Hz37FoUWV3ZFiMU_0061.wav,bonafide,none,0,4.0,-23.04,0.9998425245285034,0.9998425245285034
${DATA_ROOT}/clips/175522_7Hz37FoUWV3ZFiMU_0083.wav,bonafide,none,0,4.0,-22.88,0.9997808337211609,0.9997808337211609
${DATA_ROOT}/clips/175522_7Hz37FoUWV3ZFiMU_0092.wav,bonafide,none,0,4.0,-23.01,0.9996651411056519,0.9996651411056519
${DATA_ROOT}/clips/175522_7Hz37FoUWV3ZFiMU_0095.wav,bonafide,none,0,4.0,-22.96,0.9998781681060791,0.9998781681060791
${DATA_ROOT}/clips/175522_7Hz37FoUWV3ZFiMU_0095.wav,bonafide,none,1,6.0,-23.51,0.9998595714569092,0.9998688697814941
${DATA_ROOT}/clips/232748_sKqPXTyNgbuqBiCf_0004.wav,bonafide,none,0,4.0,-20.0,0.9997569918632507,0.9997569918632507
${DATA_ROOT}/clips/232748_sKqPXTyNgbuqBiCf_0004.wav,bonafide,none,1,6.0,-22.7,0.9997279047966003,0.9997424483299255
${DATA_ROOT}/clips/232748_sKqPXTyNgbuqBiCf_0004.wav,bonafide,none,2,8.0,-39.9,0.8551775813102722,0.9274600148200989
${DATA_ROOT}/clips/232748_sKqPXTyNgbuqBiCf_0010.wav,bonafide,none,0,4.0,-23.01,0.9998619556427002,0.9998619556427002
${DATA_ROOT}/clips/232748_sKqPXTyNgbuqBiCf_0010.wav,bonafide,none,1,6.0,-24.26,0.9998384714126587,0.9998502135276794
${DATA_ROOT}/clips/232748_sKqPXTyNgbuqBiCf_0010.wav,bonafide,none,2,8.0,-23.23,0.99982088804245,0.9998355507850647
${DATA_ROOT}/clips/232748_sKqPXTyNgbuqBiCf_0014.wav,bonafide,none,0,4.0,-22.97,0.999479353427887,0.999479353427887
${DATA_ROOT}/clips/232748_sKqPXTyNgbuqBiCf_0016.wav,bonafide,none,0,4.0,-26.39,0.999495267868042,0.999495267868042
${DATA_ROOT}/clips/232748_sKqPXTyNgbuqBiCf_0023.wav,bonafide,none,0,4.0,-21.24,0.9991626739501953,0.9991626739501953
${DATA_ROOT}/clips/232748_sKqPXTyNgbuqBiCf_0023.wav,bonafide,none,1,6.0,-22.99,0.999093770980835,0.9991282224655151
${DATA_ROOT}/clips/232748_sKqPXTyNgbuqBiCf_0026.wav,bonafide,none,0,4.0,-22.96,0.9997403025627136,0.9997403025627136
${DATA_ROOT}/clips/232748_sKqPXTyNgbuqBiCf_0038.wav,bonafide,none,0,4.0,-23.98,0.999832272529602,0.999832272529602
${DATA_ROOT}/clips/232748_sKqPXTyNgbuqBiCf_0038.wav,bonafide,none,1,6.0,-22.9,0.999017596244812,0.999424934387207
${DATA_ROOT}/clips/232748_sKqPXTyNgbuqBiCf_0039.wav,bonafide,none,0,4.0,-23.6,0.9996907711029053,0.9996907711029053
${DATA_ROOT}/clips/232748_sKqPXTyNgbuqBiCf_0039.wav,bonafide,none,1,6.0,-22.37,0.9994423985481262,0.9995665848255157
${DATA_ROOT}/clips/232748_sKqPXTyNgbuqBiCf_0039.wav,bonafide,none,2,8.0,-21.89,0.9992285966873169,0.9993975907564163
${DATA_ROOT}/clips/232748_sKqPXTyNgbuqBiCf_0039.wav,bonafide,none,3,10.0,-23.4,0.9986945986747742,0.9990460947155952
${DATA_ROOT}/clips/232748_sKqPXTyNgbuqBiCf_0044.wav,bonafide,none,0,4.0,-22.01,0.9992820620536804,0.9992820620536804
${DATA_ROOT}/clips/232748_sKqPXTyNgbuqBiCf_0058.wav,bonafide,none,0,4.0,-23.22,0.9998706579208374,0.9998706579208374
${DATA_ROOT}/clips/232748_sKqPXTyNgbuqBiCf_0058.wav,bonafide,none,1,6.0,-21.84,0.999904990196228,0.9998878240585327
${DATA_ROOT}/clips/232748_sKqPXTyNgbuqBiCf_0058.wav,bonafide,none,2,8.0,-22.74,0.999835729598999,0.9998617768287659
${DATA_ROOT}/clips/232748_sKqPXTyNgbuqBiCf_0059.wav,bonafide,none,0,4.0,-22.03,0.999819815158844,0.999819815158844
${DATA_ROOT}/clips/232748_sKqPXTyNgbuqBiCf_0061.wav,bonafide,none,0,4.0,-22.97,0.9998210072517395,0.9998210072517395
${DATA_ROOT}/clips/232748_sKqPXTyNgbuqBiCf_0085.wav,bonafide,none,0,4.0,-25.17,0.999754011631012,0.999754011631012
${DATA_ROOT}/clips/232748_sKqPXTyNgbuqBiCf_0085.wav,bonafide,none,1,6.0,-21.22,0.999739944934845,0.9997469782829285
${DATA_ROOT}/clips/238121_Vwrx3NuWik2VD2MU_0000.wav,bonafide,none,0,4.0,-21.06,0.9997720122337341,0.9997720122337341
${DATA_ROOT}/clips/238121_Vwrx3NuWik2VD2MU_0000.wav,bonafide,none,1,6.0,-24.69,0.9981100559234619,0.998941034078598
${DATA_ROOT}/clips/238121_Vwrx3NuWik2VD2MU_0012.wav,bonafide,none,0,4.0,-21.21,0.9992493987083435,0.9992493987083435
${DATA_ROOT}/clips/238121_Vwrx3NuWik2VD2MU_0012.wav,bonafide,none,1,6.0,-26.18,0.9797737002372742,0.9895115494728088
${DATA_ROOT}/clips/238121_Vwrx3NuWik2VD2MU_0021.wav,bonafide,none,0,4.0,-20.84,0.998975396156311,0.998975396156311
${DATA_ROOT}/clips/238121_Vwrx3NuWik2VD2MU_0021.wav,bonafide,none,1,6.0,-22.6,0.998439371585846,0.9987073838710785
${DATA_ROOT}/clips/238121_Vwrx3NuWik2VD2MU_0021.wav,bonafide,none,2,8.0,-24.33,0.9983307719230652,0.9985190778970718
${DATA_ROOT}/clips/238121_Vwrx3NuWik2VD2MU_0021.wav,bonafide,none,3,10.0,-23.05,0.9989228844642639,0.9987209811806679
${DATA_ROOT}/clips/238121_Vwrx3NuWik2VD2MU_0021.wav,bonafide,none,4,12.0,-23.89,0.9995476603507996,0.9991343207657337
${DATA_ROOT}/clips/238121_Vwrx3NuWik2VD2MU_0030.wav,bonafide,none,0,4.0,-23.08,0.9993523955345154,0.9993523955345154
${DATA_ROOT}/clips/238121_Vwrx3NuWik2VD2MU_0030.wav,bonafide,none,1,6.0,-22.29,0.999687671661377,0.9995200335979462
${DATA_ROOT}/clips/238121_Vwrx3NuWik2VD2MU_0035.wav,bonafide,none,0,4.0,-21.66,0.9987419247627258,0.9987419247627258
${DATA_ROOT}/clips/238121_Vwrx3NuWik2VD2MU_0035.wav,bonafide,none,1,6.0,-25.17,0.9642934799194336,0.9815177023410797
${DATA_ROOT}/clips/238121_Vwrx3NuWik2VD2MU_0045.wav,bonafide,none,0,4.0,-22.11,0.9994843006134033,0.9994843006134033
${DATA_ROOT}/clips/238121_Vwrx3NuWik2VD2MU_0045.wav,bonafide,none,1,6.0,-22.41,0.9994577765464783,0.9994710385799408
${DATA_ROOT}/clips/238121_Vwrx3NuWik2VD2MU_0052.wav,bonafide,none,0,4.0,-21.85,0.999018669128418,0.999018669128418
${DATA_ROOT}/clips/238121_Vwrx3NuWik2VD2MU_0052.wav,bonafide,none,1,6.0,-26.02,0.9966552257537842,0.9978369474411011
${DATA_ROOT}/clips/238121_Vwrx3NuWik2VD2MU_0065.wav,bonafide,none,0,4.0,-21.37,0.9996604919433594,0.9996604919433594
${DATA_ROOT}/clips/238121_Vwrx3NuWik2VD2MU_0065.wav,bonafide,none,1,6.0,-24.22,0.9993131160736084,0.9994868040084839
${DATA_ROOT}/clips/238121_Vwrx3NuWik2VD2MU_0065.wav,bonafide,none,2,8.0,-23.14,0.9997944235801697,0.9996406137943268
${DATA_ROOT}/clips/238121_Vwrx3NuWik2VD2MU_0065.wav,bonafide,none,3,10.0,-21.76,0.999858021736145,0.9997493177652359
${DATA_ROOT}/clips/238121_Vwrx3NuWik2VD2MU_0065.wav,bonafide,none,4,12.0,-25.22,0.9996953010559082,0.999722309410572
${DATA_ROOT}/clips/238121_Vwrx3NuWik2VD2MU_0068.wav,bonafide,none,0,4.0,-22.14,0.9993632435798645,0.9993632435798645
${DATA_ROOT}/clips/238121_Vwrx3NuWik2VD2MU_0068.wav,bonafide,none,1,6.0,-23.58,0.9998238682746887,0.9995935559272766
${DATA_ROOT}/clips/238121_Vwrx3NuWik2VD2MU_0071.wav,bonafide,none,0,4.0,-22.96,0.9996991157531738,0.9996991157531738
${DATA_ROOT}/clips/238121_Vwrx3NuWik2VD2MU_0078.wav,bonafide,none,0,4.0,-22.06,0.9995337724685669,0.9995337724685669
${DATA_ROOT}/clips/238121_Vwrx3NuWik2VD2MU_0085.wav,bonafide,none,0,4.0,-25.96,0.9993795156478882,0.9993795156478882
${DATA_ROOT}/clips/386410_gNJ4JccADvXplv9k_0009.wav,bonafide,none,0,4.0,-21.78,0.9998242259025574,0.9998242259025574
${DATA_ROOT}/clips/386410_gNJ4JccADvXplv9k_0009.wav,bonafide,none,1,6.0,-20.83,0.9997560381889343,0.9997901320457458
${DATA_ROOT}/clips/386410_gNJ4JccADvXplv9k_0009.wav,bonafide,none,2,8.0,-25.05,0.9892939329147339,0.9945420324802399
${DATA_ROOT}/clips/386410_gNJ4JccADvXplv9k_0012.wav,bonafide,none,0,4.0,-21.14,0.999842643737793,0.999842643737793
${DATA_ROOT}/clips/386410_gNJ4JccADvXplv9k_0012.wav,bonafide,none,1,6.0,-24.74,0.9996127486228943,0.9997276961803436
${DATA_ROOT}/clips/386410_gNJ4JccADvXplv9k_0012.wav,bonafide,none,2,8.0,-43.21,0.6267163157463074,0.8132220059633255
${DATA_ROOT}/clips/386410_gNJ4JccADvXplv9k_0012.wav,bonafide,none,3,10.0,-26.6,0.9993501305580139,0.9062860682606697
${DATA_ROOT}/clips/386410_gNJ4JccADvXplv9k_0012.wav,bonafide,none,4,12.0,-22.23,0.9994434714317322,0.9528647698462009
${DATA_ROOT}/clips/386410_gNJ4JccADvXplv9k_0012.wav,bonafide,none,5,14.0,-20.45,0.999382734298706,0.9761237520724535
${DATA_ROOT}/clips/386410_gNJ4JccADvXplv9k_0045.wav,bonafide,none,0,4.0,-19.62,0.9993032217025757,0.9993032217025757
${DATA_ROOT}/clips/386410_gNJ4JccADvXplv9k_0045.wav,bonafide,none,1,6.0,-22.78,0.9011355638504028,0.9502193927764893
${DATA_ROOT}/clips/386410_gNJ4JccADvXplv9k_0045.wav,bonafide,none,2,8.0,-43.2,0.6207451224327087,0.785482257604599
${DATA_ROOT}/clips/386410_gNJ4JccADvXplv9k_0045.wav,bonafide,none,3,10.0,-43.16,0.62989342212677,0.7076878398656845
${DATA_ROOT}/clips/386410_gNJ4JccADvXplv9k_0045.wav,bonafide,none,4,12.0,-22.64,0.9998511075973511,0.8537694737315178
${DATA_ROOT}/clips/386410_gNJ4JccADvXplv9k_0053.wav,bonafide,none,0,4.0,-22.0,0.9993190765380859,0.9993190765380859
${DATA_ROOT}/clips/386410_gNJ4JccADvXplv9k_0069.wav,bonafide,none,0,4.0,-22.66,0.9991136193275452,0.9991136193275452
${DATA_ROOT}/clips/386410_gNJ4JccADvXplv9k_0069.wav,bonafide,none,1,6.0,-21.41,0.9996355772018433,0.9993745982646942
${DATA_ROOT}/clips/386410_gNJ4JccADvXplv9k_0069.wav,bonafide,none,2,8.0,-23.29,0.9996058344841003,0.9994902163743973
${DATA_ROOT}/clips/386410_gNJ4JccADvXplv9k_0070.wav,bonafide,none,0,4.0,-24.23,0.9992908239364624,0.9992908239364624
${DATA_ROOT}/clips/386410_gNJ4JccADvXplv9k_0071.wav,bonafide,none,0,4.0,-20.38,0.9997606873512268,0.9997606873512268
${DATA_ROOT}/clips/386410_gNJ4JccADvXplv9k_0071.wav,bonafide,none,1,6.0,-24.89,0.9985576272010803,0.9991591572761536
${DATA_ROOT}/clips/386410_gNJ4JccADvXplv9k_0071.wav,bonafide,none,2,8.0,-27.62,0.9995057582855225,0.999332457780838
${DATA_ROOT}/clips/386410_gNJ4JccADvXplv9k_0071.wav,bonafide,none,3,10.0,-22.43,0.9998313188552856,0.9995818883180618
${DATA_ROOT}/clips/386410_gNJ4JccADvXplv9k_0071.wav,bonafide,none,4,12.0,-23.75,0.9997867941856384,0.9996843412518501
${DATA_ROOT}/clips/386410_gNJ4JccADvXplv9k_0072.wav,bonafide,none,0,4.0,-23.24,0.9998582601547241,0.9998582601547241
${DATA_ROOT}/clips/386410_gNJ4JccADvXplv9k_0072.wav,bonafide,none,1,6.0,-22.65,0.9997079968452454,0.9997831284999847
${DATA_ROOT}/clips/386410_gNJ4JccADvXplv9k_0076.wav,bonafide,none,0,4.0,-23.48,0.9998893737792969,0.9998893737792969
${DATA_ROOT}/clips/386410_gNJ4JccADvXplv9k_0076.wav,bonafide,none,1,6.0,-21.07,0.9992851614952087,0.9995872676372528
${DATA_ROOT}/clips/386410_gNJ4JccADvXplv9k_0076.wav,bonafide,none,2,8.0,-21.37,0.9995447993278503,0.9995660334825516
${DATA_ROOT}/clips/386410_gNJ4JccADvXplv9k_0076.wav,bonafide,none,3,10.0,-22.16,0.9997493624687195,0.9996576979756355
${DATA_ROOT}/clips/386410_gNJ4JccADvXplv9k_0076.wav,bonafide,none,4,12.0,-24.43,0.9996935129165649,0.9996756054461002
${DATA_ROOT}/clips/386410_gNJ4JccADvXplv9k_0076.wav,bonafide,none,5,14.0,-25.1,0.9998152852058411,0.9997454453259706
${DATA_ROOT}/clips/386410_gNJ4JccADvXplv9k_0076.wav,bonafide,none,6,16.0,-22.53,0.9998770952224731,0.9998112702742219
${DATA_ROOT}/clips/386410_gNJ4JccADvXplv9k_0076.wav,bonafide,none,7,18.0,-23.2,0.9998923540115356,0.9998518121428788
${DATA_ROOT}/clips/386410_gNJ4JccADvXplv9k_0076.wav,bonafide,none,8,20.0,-23.97,0.9998456239700317,0.9998487180564553
${DATA_ROOT}/clips/541916_5DpOB0LmjVO8tse5_0009.wav,bonafide,none,0,4.0,-25.98,0.9946141839027405,0.9946141839027405
${DATA_ROOT}/clips/541916_5DpOB0LmjVO8tse5_0010.wav,bonafide,none,0,4.0,-24.23,0.9997134804725647,0.9997134804725647
${DATA_ROOT}/clips/541916_5DpOB0LmjVO8tse5_0013.wav,bonafide,none,0,4.0,-23.31,0.9997424483299255,0.9997424483299255
${DATA_ROOT}/clips/541916_5DpOB0LmjVO8tse5_0013.wav,bonafide,none,1,6.0,-22.86,0.9995580315589905,0.999650239944458
${DATA_ROOT}/clips/541916_5DpOB0LmjVO8tse5_0020.wav,bonafide,none,0,4.0,-24.25,0.9997522234916687,0.9997522234916687
${DATA_ROOT}/clips/541916_5DpOB0LmjVO8tse5_0021.wav,bonafide,none,0,4.0,-23.0,0.9996170997619629,0.9996170997619629
${DATA_ROOT}/clips/541916_5DpOB0LmjVO8tse5_0029.wav,bonafide,none,0,4.0,-22.18,0.9972459077835083,0.9972459077835083
${DATA_ROOT}/clips/541916_5DpOB0LmjVO8tse5_0029.wav,bonafide,none,1,6.0,-23.33,0.9783275723457336,0.987786740064621
${DATA_ROOT}/clips/541916_5DpOB0LmjVO8tse5_0037.wav,bonafide,none,0,4.0,-24.24,0.9988237023353577,0.9988237023353577
${DATA_ROOT}/clips/541916_5DpOB0LmjVO8tse5_0044.wav,bonafide,none,0,4.0,-24.26,0.9997349381446838,0.9997349381446838
${DATA_ROOT}/clips/541916_5DpOB0LmjVO8tse5_0047.wav,bonafide,none,0,4.0,-24.24,0.9995648264884949,0.9995648264884949
${DATA_ROOT}/clips/541916_5DpOB0LmjVO8tse5_0062.wav,bonafide,none,0,4.0,-23.0,0.9998086094856262,0.9998086094856262
${DATA_ROOT}/clips/541916_5DpOB0LmjVO8tse5_0071.wav,bonafide,none,0,4.0,-23.2,0.9995991587638855,0.9995991587638855
${DATA_ROOT}/clips/541916_5DpOB0LmjVO8tse5_0071.wav,bonafide,none,1,6.0,-21.39,0.9997623562812805,0.999680757522583
${DATA_ROOT}/clips/541916_5DpOB0LmjVO8tse5_0071.wav,bonafide,none,2,8.0,-22.96,0.9993371367454529,0.9995089471340179
${DATA_ROOT}/clips/541916_5DpOB0LmjVO8tse5_0073.wav,bonafide,none,0,4.0,-23.0,0.9998038411140442,0.9998038411140442
${DATA_ROOT}/clips/541916_5DpOB0LmjVO8tse5_0077.wav,bonafide,none,0,4.0,-22.35,0.999819815158844,0.999819815158844
${DATA_ROOT}/clips/541916_5DpOB0LmjVO8tse5_0077.wav,bonafide,none,1,6.0,-23.48,0.9997242093086243,0.9997720122337341
${DATA_ROOT}/clips/541916_5DpOB0LmjVO8tse5_0079.wav,bonafide,none,0,4.0,-21.69,0.9998295307159424,0.9998295307159424
${DATA_ROOT}/clips/541916_5DpOB0LmjVO8tse5_0079.wav,bonafide,none,1,6.0,-24.02,0.9996015429496765,0.9997155368328094
${DATA_ROOT}/clips/541916_5DpOB0LmjVO8tse5_0100.wav,bonafide,none,0,4.0,-22.81,0.9998371601104736,0.9998371601104736
${DATA_ROOT}/clips/541916_5DpOB0LmjVO8tse5_0102.wav,bonafide,none,0,4.0,-22.56,0.9997019171714783,0.9997019171714783
${DATA_ROOT}/clips/541916_5DpOB0LmjVO8tse5_0102.wav,bonafide,none,1,6.0,-22.77,0.9975727200508118,0.998637318611145
${DATA_ROOT}/clips/541916_5DpOB0LmjVO8tse5_0105.wav,bonafide,none,0,4.0,-23.0,0.9996604919433594,0.9996604919433594
${DATA_ROOT}/clips/577537_1Kbig1mC99YUhdCX_0000.wav,bonafide,none,0,4.0,-22.95,0.9998666048049927,0.9998666048049927
${DATA_ROOT}/clips/577537_1Kbig1mC99YUhdCX_0000.wav,bonafide,none,1,6.0,-23.52,0.9997734427452087,0.9998200237751007
${DATA_ROOT}/clips/577537_1Kbig1mC99YUhdCX_0004.wav,bonafide,none,0,4.0,-23.52,0.9998487234115601,0.9998487234115601
${DATA_ROOT}/clips/577537_1Kbig1mC99YUhdCX_0004.wav,bonafide,none,1,6.0,-23.48,0.9998749494552612,0.9998618364334106
${DATA_ROOT}/clips/577537_1Kbig1mC99YUhdCX_0017.wav,bonafide,none,0,4.0,-22.97,0.9998946189880371,0.9998946189880371
${DATA_ROOT}/clips/577537_1Kbig1mC99YUhdCX_0029.wav,bonafide,none,0,4.0,-23.1,0.999861478805542,0.999861478805542
${DATA_ROOT}/clips/577537_1Kbig1mC99YUhdCX_0030.wav,bonafide,none,0,4.0,-21.11,0.9998370409011841,0.9998370409011841
${DATA_ROOT}/clips/577537_1Kbig1mC99YUhdCX_0030.wav,bonafide,none,1,6.0,-24.02,0.9998903274536133,0.9998636841773987
${DATA_ROOT}/clips/577537_1Kbig1mC99YUhdCX_0030.wav,bonafide,none,2,8.0,-23.4,0.9998708963394165,0.9998672902584076
${DATA_ROOT}/clips/577537_1Kbig1mC99YUhdCX_0030.wav,bonafide,none,3,10.0,-22.51,0.9998148083686829,0.9998410493135452
${DATA_ROOT}/clips/577537_1Kbig1mC99YUhdCX_0030.wav,bonafide,none,4,12.0,-23.41,0.9998757839202881,0.9998584166169167
${DATA_ROOT}/clips/577537_1Kbig1mC99YUhdCX_0030.wav,bonafide,none,5,14.0,-23.05,0.999854564666748,0.9998564906418324
${DATA_ROOT}/clips/577537_1Kbig1mC99YUhdCX_0030.wav,bonafide,none,6,16.0,-23.82,0.9998288154602051,0.9998426530510187
${DATA_ROOT}/clips/577537_1Kbig1mC99YUhdCX_0031.wav,bonafide,none,0,4.0,-19.74,0.9989702701568604,0.9989702701568604
${DATA_ROOT}/clips/577537_1Kbig1mC99YUhdCX_0031.wav,bonafide,none,1,6.0,-21.03,0.9998487234115601,0.9994094967842102
${DATA_ROOT}/clips/577537_1Kbig1mC99YUhdCX_0031.wav,bonafide,none,2,8.0,-23.49,0.999704897403717,0.9995571970939636
${DATA_ROOT}/clips/577537_1Kbig1mC99YUhdCX_0031.wav,bonafide,none,3,10.0,-43.24,0.6135776042938232,0.8065674006938934
${DATA_ROOT}/clips/577537_1Kbig1mC99YUhdCX_0031.wav,bonafide,none,4,12.0,-43.24,0.6043705940246582,0.7054689973592758
${DATA_ROOT}/clips/577537_1Kbig1mC99YUhdCX_0037.wav,bonafide,none,0,4.0,-22.2,0.9998664855957031,0.9998664855957031
${DATA_ROOT}/clips/577537_1Kbig1mC99YUhdCX_0037.wav,bonafide,none,1,6.0,-24.32,0.9998483657836914,0.9998574256896973
${DATA_ROOT}/clips/577537_1Kbig1mC99YUhdCX_0049.wav,bonafide,none,0,4.0,-24.24,0.9998682737350464,0.9998682737350464
${DATA_ROOT}/clips/577537_1Kbig1mC99YUhdCX_0055.wav,bonafide,none,0,4.0,-26.18,0.628779411315918,0.628779411315918
${DATA_ROOT}/clips/577537_1Kbig1mC99YUhdCX_0055.wav,bonafide,none,1,6.0,-26.26,0.5772585868835449,0.6030189990997314
${DATA_ROOT}/clips/581145_vYm2PLAczomJ79qg_0000.wav,bonafide,none,0,4.0,-22.98,0.9997527003288269,0.9997527003288269
${DATA_ROOT}/clips/581145_vYm2PLAczomJ79qg_0003.wav,bonafide,none,0,4.0,-20.56,0.9998281002044678,0.9998281002044678
${DATA_ROOT}/clips/581145_vYm2PLAczomJ79qg_0003.wav,bonafide,none,1,6.0,-25.9,0.9995144605636597,0.9996712803840637
${DATA_ROOT}/clips/581145_vYm2PLAczomJ79qg_0016.wav,bonafide,none,0,4.0,-22.74,0.999818742275238,0.999818742275238
${DATA_ROOT}/clips/581145_vYm2PLAczomJ79qg_0016.wav,bonafide,none,1,6.0,-21.07,0.9994555115699768,0.9996371269226074
${DATA_ROOT}/clips/581145_vYm2PLAczomJ79qg_0016.wav,bonafide,none,2,8.0,-23.92,0.9994885921478271,0.9995628595352173
${DATA_ROOT}/clips/581145_vYm2PLAczomJ79qg_0016.wav,bonafide,none,3,10.0,-22.92,0.9997933506965637,0.9996781051158905
${DATA_ROOT}/clips/581145_vYm2PLAczomJ79qg_0017.wav,bonafide,none,0,4.0,-22.0,0.9998804330825806,0.9998804330825806
${DATA_ROOT}/clips/581145_vYm2PLAczomJ79qg_0017.wav,bonafide,none,1,6.0,-20.88,0.9998602867126465,0.9998703598976135
${DATA_ROOT}/clips/581145_vYm2PLAczomJ79qg_0017.wav,bonafide,none,2,8.0,-24.21,0.9996128678321838,0.9997416138648987
${DATA_ROOT}/clips/581145_vYm2PLAczomJ79qg_0031.wav,bonafide,none,0,4.0,-22.8,0.999884843826294,0.999884843826294
${DATA_ROOT}/clips/581145_vYm2PLAczomJ79qg_0031.wav,bonafide,none,1,6.0,-22.46,0.9999014139175415,0.9998931288719177
${DATA_ROOT}/clips/581145_vYm2PLAczomJ79qg_0035.wav,bonafide,none,0,4.0,-21.74,0.9999070167541504,0.9999070167541504
${DATA_ROOT}/clips/581145_vYm2PLAczomJ79qg_0035.wav,bonafide,none,1,6.0,-21.51,0.9996578693389893,0.9997824430465698
${DATA_ROOT}/clips/581145_vYm2PLAczomJ79qg_0035.wav,bonafide,none,2,8.0,-24.66,0.9988787770271301,0.99933061003685
${DATA_ROOT}/clips/581145_vYm2PLAczomJ79qg_0038.wav,bonafide,none,0,4.0,-23.62,0.9995834231376648,0.9995834231376648
${DATA_ROOT}/clips/581145_vYm2PLAczomJ79qg_0039.wav,bonafide,none,0,4.0,-23.1,0.999794065952301,0.999794065952301
${DATA_ROOT}/clips/581145_vYm2PLAczomJ79qg_0039.wav,bonafide,none,1,6.0,-23.22,0.9997110962867737,0.9997525811195374
${DATA_ROOT}/clips/581145_vYm2PLAczomJ79qg_0053.wav,bonafide,none,0,4.0,-22.97,0.999825656414032,0.999825656414032
${DATA_ROOT}/clips/581145_vYm2PLAczomJ79qg_0056.wav,bonafide,none,0,4.0,-25.41,0.9996954202651978,0.9996954202651978
${DATA_ROOT}/clips/581145_vYm2PLAczomJ79qg_0056.wav,bonafide,none,1,6.0,-22.66,0.999731719493866,0.9997135698795319
${DATA_ROOT}/clips/581145_vYm2PLAczomJ79qg_0056.wav,bonafide,none,2,8.0,-21.8,0.9998540878295898,0.9997838288545609
${DATA_ROOT}/clips/581145_vYm2PLAczomJ79qg_0056.wav,bonafide,none,3,10.0,-22.66,0.9998657703399658,0.9998247995972633
${DATA_ROOT}/clips/581145_vYm2PLAczomJ79qg_0056.wav,bonafide,none,4,12.0,-22.2,0.9998016953468323,0.9998132474720478
${DATA_ROOT}/clips/581145_vYm2PLAczomJ79qg_0056.wav,bonafide,none,5,14.0,-22.44,0.9997796416282654,0.9997964445501566
${DATA_ROOT}/clips/581145_vYm2PLAczomJ79qg_0070.wav,bonafide,none,0,4.0,-24.21,0.9994972944259644,0.9994972944259644
${DATA_ROOT}/clips/581145_vYm2PLAczomJ79qg_0072.wav,bonafide,none,0,4.0,-22.71,0.999864935874939,0.999864935874939
${DATA_ROOT}/clips/581145_vYm2PLAczomJ79qg_0072.wav,bonafide,none,1,6.0,-22.57,0.9998971223831177,0.9998810291290283
${DATA_ROOT}/clips/596505_mSiZUO1cgwb8nNpA_0002.wav,bonafide,none,0,4.0,-25.99,0.9981544613838196,0.9981544613838196
${DATA_ROOT}/clips/596505_mSiZUO1cgwb8nNpA_0008.wav,bonafide,none,0,4.0,-24.22,0.999519944190979,0.999519944190979
${DATA_ROOT}/clips/596505_mSiZUO1cgwb8nNpA_0016.wav,bonafide,none,0,4.0,-22.36,0.999581515789032,0.999581515789032
${DATA_ROOT}/clips/596505_mSiZUO1cgwb8nNpA_0016.wav,bonafide,none,1,6.0,-24.54,0.9992054104804993,0.9993934631347656
${DATA_ROOT}/clips/596505_mSiZUO1cgwb8nNpA_0025.wav,bonafide,none,0,4.0,-22.96,0.9998867511749268,0.9998867511749268
${DATA_ROOT}/clips/596505_mSiZUO1cgwb8nNpA_0034.wav,bonafide,none,0,4.0,-21.87,0.9996875524520874,0.9996875524520874
${DATA_ROOT}/clips/596505_mSiZUO1cgwb8nNpA_0034.wav,bonafide,none,1,6.0,-24.79,0.9996047616004944,0.9996461570262909
${DATA_ROOT}/clips/596505_mSiZUO1cgwb8nNpA_0036.wav,bonafide,none,0,4.0,-24.22,0.9991461038589478,0.9991461038589478
${DATA_ROOT}/clips/596505_mSiZUO1cgwb8nNpA_0044.wav,bonafide,none,0,4.0,-24.0,0.9995492100715637,0.9995492100715637
${DATA_ROOT}/clips/596505_mSiZUO1cgwb8nNpA_0044.wav,bonafide,none,1,6.0,-21.46,0.9993466734886169,0.9994479417800903
${DATA_ROOT}/clips/596505_mSiZUO1cgwb8nNpA_0044.wav,bonafide,none,2,8.0,-22.14,0.9996927976608276,0.999570369720459
${DATA_ROOT}/clips/596505_mSiZUO1cgwb8nNpA_0047.wav,bonafide,none,0,4.0,-22.66,0.9997180104255676,0.9997180104255676
${DATA_ROOT}/clips/596505_mSiZUO1cgwb8nNpA_0047.wav,bonafide,none,1,6.0,-24.17,0.999117910861969,0.9994179606437683
${DATA_ROOT}/clips/596505_mSiZUO1cgwb8nNpA_0047.wav,bonafide,none,2,8.0,-23.33,0.9996732473373413,0.9995456039905548
${DATA_ROOT}/clips/596505_mSiZUO1cgwb8nNpA_0049.wav,bonafide,none,0,4.0,-25.99,0.999451220035553,0.999451220035553
${DATA_ROOT}/clips/596505_mSiZUO1cgwb8nNpA_0051.wav,bonafide,none,0,4.0,-21.81,0.9998784065246582,0.9998784065246582
${DATA_ROOT}/clips/596505_mSiZUO1cgwb8nNpA_0051.wav,bonafide,none,1,6.0,-23.78,0.9996324777603149,0.9997554421424866
${DATA_ROOT}/clips/596505_mSiZUO1cgwb8nNpA_0061.wav,bonafide,none,0,4.0,-22.97,0.9998242259025574,0.9998242259025574
${DATA_ROOT}/clips/596505_mSiZUO1cgwb8nNpA_0064.wav,bonafide,none,0,4.0,-25.97,0.9993765950202942,0.9993765950202942
${DATA_ROOT}/clips/596505_mSiZUO1cgwb8nNpA_0084.wav,bonafide,none,0,4.0,-23.07,0.999771773815155,0.999771773815155
${DATA_ROOT}/clips/596505_mSiZUO1cgwb8nNpA_0084.wav,bonafide,none,1,6.0,-22.47,0.9998243451118469,0.999798059463501
${DATA_ROOT}/clips/596505_mSiZUO1cgwb8nNpA_0089.wav,bonafide,none,0,4.0,-24.22,0.9998145699501038,0.9998145699501038
${DATA_ROOT}/clips/596505_mSiZUO1cgwb8nNpA_0091.wav,bonafide,none,0,4.0,-22.35,0.99973064661026,0.99973064661026
${DATA_ROOT}/clips/596505_mSiZUO1cgwb8nNpA_0091.wav,bonafide,none,1,6.0,-21.28,0.9997492432594299,0.999739944934845
${DATA_ROOT}/clips/596505_mSiZUO1cgwb8nNpA_0095.wav,bonafide,none,0,4.0,-22.98,0.9998243451118469,0.9998243451118469
${DATA_ROOT}/clips/596505_mSiZUO1cgwb8nNpA_0100.wav,bonafide,none,0,4.0,-22.98,0.9997900128364563,0.9997900128364563
${DATA_ROOT}/clips/596505_mSiZUO1cgwb8nNpA_0101.wav,bonafide,none,0,4.0,-22.67,0.9997789263725281,0.9997789263725281
${DATA_ROOT}/clips/596505_mSiZUO1cgwb8nNpA_0101.wav,bonafide,none,1,6.0,-22.73,0.9998325109481812,0.9998057186603546
${DATA_ROOT}/clips/596505_mSiZUO1cgwb8nNpA_0106.wav,bonafide,none,0,4.0,-24.23,0.9984703660011292,0.9984703660011292
${DATA_ROOT}/clips/596505_mSiZUO1cgwb8nNpA_0116.wav,bonafide,none,0,4.0,-24.21,0.9992755055427551,0.9992755055427551
${DATA_ROOT}/clips/596505_mSiZUO1cgwb8nNpA_0123.wav,bonafide,none,0,4.0,-22.96,0.9998356103897095,0.9998356103897095
${DATA_ROOT}/clips/596505_mSiZUO1cgwb8nNpA_0126.wav,bonafide,none,0,4.0,-24.21,0.9996732473373413,0.9996732473373413
${DATA_ROOT}/clips/596505_mSiZUO1cgwb8nNpA_0127.wav,bonafide,none,0,4.0,-25.98,0.9995860457420349,0.9995860457420349
${DATA_ROOT}/clips/596505_mSiZUO1cgwb8nNpA_0139.wav,bonafide,none,0,4.0,-22.97,0.9995137453079224,0.9995137453079224
${DATA_ROOT}/clips/596505_mSiZUO1cgwb8nNpA_0167.wav,bonafide,none,0,4.0,-25.99,0.9994102716445923,0.9994102716445923
${DATA_ROOT}/clips/596505_mSiZUO1cgwb8nNpA_0174.wav,bonafide,none,0,4.0,-25.98,0.9993762373924255,0.9993762373924255
${DATA_ROOT}/clips/596505_mSiZUO1cgwb8nNpA_0176.wav,bonafide,none,0,4.0,-24.22,0.9995269775390625,0.9995269775390625
${DATA_ROOT}/clips/945728_DBI6HIgiBL3G9iFP_0013.wav,bonafide,none,0,4.0,-22.01,0.9995194673538208,0.9995194673538208
${DATA_ROOT}/clips/945728_DBI6HIgiBL3G9iFP_0016.wav,bonafide,none,0,4.0,-22.0,0.9998000264167786,0.9998000264167786
${DATA_ROOT}/clips/945728_DBI6HIgiBL3G9iFP_0023.wav,bonafide,none,0,4.0,-20.31,0.9997259974479675,0.9997259974479675
${DATA_ROOT}/clips/945728_DBI6HIgiBL3G9iFP_0023.wav,bonafide,none,1,6.0,-21.68,0.9998515844345093,0.9997887909412384
${DATA_ROOT}/clips/945728_DBI6HIgiBL3G9iFP_0023.wav,bonafide,none,2,8.0,-23.44,0.9998962879180908,0.9998425394296646
${DATA_ROOT}/clips/945728_DBI6HIgiBL3G9iFP_0023.wav,bonafide,none,3,10.0,-28.22,0.9977055191993713,0.998774029314518
${DATA_ROOT}/clips/945728_DBI6HIgiBL3G9iFP_0025.wav,bonafide,none,0,4.0,-25.97,0.9447929859161377,0.9447929859161377
${DATA_ROOT}/clips/945728_DBI6HIgiBL3G9iFP_0031.wav,bonafide,none,0,4.0,-24.22,0.9994131326675415,0.9994131326675415
${DATA_ROOT}/clips/945728_DBI6HIgiBL3G9iFP_0035.wav,bonafide,none,0,4.0,-22.36,0.9995112419128418,0.9995112419128418
${DATA_ROOT}/clips/945728_DBI6HIgiBL3G9iFP_0035.wav,bonafide,none,1,6.0,-22.69,0.9994507431983948,0.9994809925556183
${DATA_ROOT}/clips/945728_DBI6HIgiBL3G9iFP_0035.wav,bonafide,none,2,8.0,-22.37,0.9990440011024475,0.9992624968290329
${DATA_ROOT}/clips/945728_DBI6HIgiBL3G9iFP_0035.wav,bonafide,none,3,10.0,-22.38,0.9995336532592773,0.9993980750441551
${DATA_ROOT}/clips/945728_DBI6HIgiBL3G9iFP_0036.wav,bonafide,none,0,4.0,-21.95,0.9997890591621399,0.9997890591621399
${DATA_ROOT}/clips/945728_DBI6HIgiBL3G9iFP_0036.wav,bonafide,none,1,6.0,-26.83,0.9994094371795654,0.9995992481708527
${DATA_ROOT}/clips/945728_DBI6HIgiBL3G9iFP_0040.wav,bonafide,none,0,4.0,-22.59,0.9992367029190063,0.9992367029190063
${DATA_ROOT}/clips/945728_DBI6HIgiBL3G9iFP_0049.wav,bonafide,none,0,4.0,-21.0,0.9996393918991089,0.9996393918991089
${DATA_ROOT}/clips/945728_DBI6HIgiBL3G9iFP_0049.wav,bonafide,none,1,6.0,-23.42,0.9996101260185242,0.9996247589588165
${DATA_ROOT}/clips/945728_DBI6HIgiBL3G9iFP_0049.wav,bonafide,none,2,8.0,-24.45,0.9995275735855103,0.9995761662721634
${DATA_ROOT}/clips/945728_DBI6HIgiBL3G9iFP_0049.wav,bonafide,none,3,10.0,-24.07,0.9995883107185364,0.9995822384953499
${DATA_ROOT}/clips/945728_DBI6HIgiBL3G9iFP_0050.wav,bonafide,none,0,4.0,-24.21,0.9998319149017334,0.9998319149017334
${DATA_ROOT}/clips/945728_DBI6HIgiBL3G9iFP_0051.wav,bonafide,none,0,4.0,-22.75,0.9995812773704529,0.9995812773704529
${DATA_ROOT}/clips/945728_DBI6HIgiBL3G9iFP_0051.wav,bonafide,none,1,6.0,-22.66,0.9983604550361633,0.9989708662033081
${DATA_ROOT}/clips/945728_DBI6HIgiBL3G9iFP_0057.wav,bonafide,none,0,4.0,-22.96,0.9997281432151794,0.9997281432151794
${DATA_ROOT}/clips/945728_DBI6HIgiBL3G9iFP_0058.wav,bonafide,none,0,4.0,-22.47,0.9998530149459839,0.9998530149459839
${DATA_ROOT}/clips/945728_DBI6HIgiBL3G9iFP_0059.wav,bonafide,none,0,4.0,-26.02,0.9993728995323181,0.9993728995323181
${DATA_ROOT}/clips/945728_DBI6HIgiBL3G9iFP_0060.wav,bonafide,none,0,4.0,-25.97,0.9990875720977783,0.9990875720977783
${DATA_ROOT}/clips/945728_DBI6HIgiBL3G9iFP_0067.wav,bonafide,none,0,4.0,-21.22,0.9997279047966003,0.9997279047966003
${DATA_ROOT}/clips/945728_DBI6HIgiBL3G9iFP_0067.wav,bonafide,none,1,6.0,-27.58,0.9939777851104736,0.996852844953537
${DATA_ROOT}/clips/945728_DBI6HIgiBL3G9iFP_0080.wav,bonafide,none,0,4.0,-21.77,0.9998558759689331,0.9998558759689331
${DATA_ROOT}/clips/945728_DBI6HIgiBL3G9iFP_0080.wav,bonafide,none,1,6.0,-21.99,0.9998390674591064,0.9998474717140198
${DATA_ROOT}/clips/945728_DBI6HIgiBL3G9iFP_0080.wav,bonafide,none,2,8.0,-23.77,0.9996579885482788,0.9997527301311493
${DATA_ROOT}/clips/945728_DBI6HIgiBL3G9iFP_0080.wav,bonafide,none,3,10.0,-27.5,0.9898922443389893,0.9948224872350693
${DATA_ROOT}/clips/945728_DBI6HIgiBL3G9iFP_0086.wav,bonafide,none,0,4.0,-23.28,0.9998281002044678,0.9998281002044678
${DATA_ROOT}/clips/945728_DBI6HIgiBL3G9iFP_0086.wav,bonafide,none,1,6.0,-22.58,0.999817430973053,0.9998227655887604
${DATA_ROOT}/clips/945728_DBI6HIgiBL3G9iFP_0109.wav,bonafide,none,0,4.0,-19.93,0.9997627139091492,0.9997627139091492
${DATA_ROOT}/clips/945728_DBI6HIgiBL3G9iFP_0109.wav,bonafide,none,1,6.0,-23.11,0.9995859265327454,0.9996743202209473
${DATA_ROOT}/clips/945728_DBI6HIgiBL3G9iFP_0109.wav,bonafide,none,2,8.0,-32.42,0.999373733997345,0.9995240271091461
${DATA_ROOT}/clips/945728_DBI6HIgiBL3G9iFP_0118.wav,bonafide,none,0,4.0,-21.99,0.9991047978401184,0.9991047978401184
${DATA_ROOT}/clips/945728_DBI6HIgiBL3G9iFP_0128.wav,bonafide,none,0,4.0,-22.97,0.9999027252197266,0.9999027252197266
${DATA_ROOT}/clips/945728_DBI6HIgiBL3G9iFP_0129.wav,bonafide,none,0,4.0,-22.94,0.999825656414032,0.999825656414032
${DATA_ROOT}/clips/976811_t4ui2WmNjBa2OlEW_0001.wav,bonafide,none,0,4.0,-22.36,0.9996610879898071,0.9996610879898071
${DATA_ROOT}/clips/976811_t4ui2WmNjBa2OlEW_0004.wav,bonafide,none,0,4.0,-23.62,0.9993472695350647,0.9993472695350647
${DATA_ROOT}/clips/976811_t4ui2WmNjBa2OlEW_0004.wav,bonafide,none,1,6.0,-23.57,0.9997678399085999,0.9995575547218323
${DATA_ROOT}/clips/976811_t4ui2WmNjBa2OlEW_0004.wav,bonafide,none,2,8.0,-23.11,0.9997798800468445,0.9996687173843384
${DATA_ROOT}/clips/976811_t4ui2WmNjBa2OlEW_0015.wav,bonafide,none,0,4.0,-22.05,0.9997419714927673,0.9997419714927673
${DATA_ROOT}/clips/976811_t4ui2WmNjBa2OlEW_0015.wav,bonafide,none,1,6.0,-23.07,0.9994862079620361,0.9996140897274017
${DATA_ROOT}/clips/976811_t4ui2WmNjBa2OlEW_0015.wav,bonafide,none,2,8.0,-22.25,0.03126412630081177,0.5154391080141068
${DATA_ROOT}/clips/976811_t4ui2WmNjBa2OlEW_0015.wav,bonafide,none,3,10.0,-21.79,0.002215941669419408,0.2588275248417631
${DATA_ROOT}/clips/976811_t4ui2WmNjBa2OlEW_0015.wav,bonafide,none,4,12.0,-23.75,0.9996298551559448,0.629228689998854
${DATA_ROOT}/clips/976811_t4ui2WmNjBa2OlEW_0020.wav,bonafide,none,0,4.0,-22.3,0.9996237754821777,0.9996237754821777
${DATA_ROOT}/clips/976811_t4ui2WmNjBa2OlEW_0020.wav,bonafide,none,1,6.0,-21.85,0.9996565580368042,0.999640166759491
${DATA_ROOT}/clips/976811_t4ui2WmNjBa2OlEW_0020.wav,bonafide,none,2,8.0,-22.62,0.9995793700218201,0.9996097683906555
${DATA_ROOT}/clips/976811_t4ui2WmNjBa2OlEW_0023.wav,bonafide,none,0,4.0,-21.22,0.9997125267982483,0.9997125267982483
${DATA_ROOT}/clips/976811_t4ui2WmNjBa2OlEW_0023.wav,bonafide,none,1,6.0,-25.93,0.9994223117828369,0.9995674192905426
${DATA_ROOT}/clips/976811_t4ui2WmNjBa2OlEW_0031.wav,bonafide,none,0,4.0,-21.94,0.9997768998146057,0.9997768998146057
${DATA_ROOT}/clips/976811_t4ui2WmNjBa2OlEW_0031.wav,bonafide,none,1,6.0,-23.66,0.9996963739395142,0.9997366368770599
${DATA_ROOT}/clips/976811_t4ui2WmNjBa2OlEW_0035.wav,bonafide,none,0,4.0,-22.62,0.9995787739753723,0.9995787739753723
${DATA_ROOT}/clips/976811_t4ui2WmNjBa2OlEW_0035.wav,bonafide,none,1,6.0,-23.3,0.9996597766876221,0.9996192753314972
${DATA_ROOT}/clips/976811_t4ui2WmNjBa2OlEW_0035.wav,bonafide,none,2,8.0,-23.62,0.9934893846511841,0.9965543299913406
${DATA_ROOT}/clips/976811_t4ui2WmNjBa2OlEW_0039.wav,bonafide,none,0,4.0,-21.63,0.9998027682304382,0.9998027682304382
${DATA_ROOT}/clips/976811_t4ui2WmNjBa2OlEW_0039.wav,bonafide,none,1,6.0,-25.29,0.999537467956543,0.9996701180934906
${DATA_ROOT}/clips/976811_t4ui2WmNjBa2OlEW_0054.wav,bonafide,none,0,4.0,-22.58,0.9997150301933289,0.9997150301933289
${DATA_ROOT}/clips/976811_t4ui2WmNjBa2OlEW_0054.wav,bonafide,none,1,6.0,-23.04,0.9995681643486023,0.9996415972709656
${DATA_ROOT}/clips/976811_t4ui2WmNjBa2OlEW_0054.wav,bonafide,none,2,8.0,-23.39,0.00152087421156466,0.5005812357412651
${DATA_ROOT}/clips/976811_t4ui2WmNjBa2OlEW_0056.wav,bonafide,none,0,4.0,-24.2,0.9995701909065247,0.9995701909065247
${DATA_ROOT}/clips/976811_t4ui2WmNjBa2OlEW_0060.wav,bonafide,none,0,4.0,-21.22,0.9976778626441956,0.9976778626441956
${DATA_ROOT}/clips/976811_t4ui2WmNjBa2OlEW_0060.wav,bonafide,none,1,6.0,-25.02,0.9917070269584656,0.9946924448013306
${DATA_ROOT}/clips/976811_t4ui2WmNjBa2OlEW_0063.wav,bonafide,none,0,4.0,-22.37,0.9874889254570007,0.9874889254570007
${DATA_ROOT}/clips/976811_t4ui2WmNjBa2OlEW_0063.wav,bonafide,none,1,6.0,-21.11,0.998158872127533,0.9928238987922668
${DATA_ROOT}/clips/976811_t4ui2WmNjBa2OlEW_0063.wav,bonafide,none,2,8.0,-23.68,0.9992862343788147,0.9960550665855408
${DATA_ROOT}/clips/976811_t4ui2WmNjBa2OlEW_0064.wav,bonafide,none,0,4.0,-22.3,0.9997987151145935,0.9997987151145935
${DATA_ROOT}/clips/976811_t4ui2WmNjBa2OlEW_0064.wav,bonafide,none,1,6.0,-22.73,0.9997448325157166,0.999771773815155
${DATA_ROOT}/clips/976811_t4ui2WmNjBa2OlEW_0065.wav,bonafide,none,0,4.0,-21.39,0.9997487664222717,0.9997487664222717
${DATA_ROOT}/clips/976811_t4ui2WmNjBa2OlEW_0065.wav,bonafide,none,1,6.0,-29.54,0.0005175712867639959,0.5001331688545179
${DATA_ROOT}/clips/976811_t4ui2WmNjBa2OlEW_0066.wav,bonafide,none,0,4.0,-24.21,0.8421270847320557,0.8421270847320557
${DATA_ROOT}/clips/976811_t4ui2WmNjBa2OlEW_0067.wav,bonafide,none,0,4.0,-22.62,0.9996392726898193,0.9996392726898193
${DATA_ROOT}/clips/976811_t4ui2WmNjBa2OlEW_0067.wav,bonafide,none,1,6.0,-23.68,0.999705970287323,0.9996726214885712
${DATA_ROOT}/clips/976811_t4ui2WmNjBa2OlEW_0085.wav,bonafide,none,0,4.0,-22.65,0.9996761083602905,0.9996761083602905
${DATA_ROOT}/clips/tortoise_121073_00002.wav,spoof,tortoise,0,4.0,-21.44,0.9996784925460815,0.9996784925460815
${DATA_ROOT}/clips/tortoise_121073_00002.wav,spoof,tortoise,1,6.0,-23.59,0.9995526671409607,0.9996155798435211
${DATA_ROOT}/clips/tortoise_121073_00002.wav,spoof,tortoise,2,8.0,-26.33,0.9990585446357727,0.9993370622396469
${DATA_ROOT}/clips/tortoise_121073_00002.wav,spoof,tortoise,3,10.0,-23.08,0.9996762275695801,0.9995066449046135
${DATA_ROOT}/clips/tortoise_121073_00002.wav,spoof,tortoise,4,12.0,-21.72,0.9996317625045776,0.9995692037045956
${DATA_ROOT}/clips/tortoise_121073_00002.wav,spoof,tortoise,5,14.0,-23.21,0.9997021555900574,0.9996356796473265
${DATA_ROOT}/clips/tortoise_232748_00007.wav,spoof,tortoise,0,4.0,-23.33,0.9997705817222595,0.9997705817222595
${DATA_ROOT}/clips/tortoise_232748_00007.wav,spoof,tortoise,1,6.0,-22.57,0.9997962117195129,0.9997833967208862
${DATA_ROOT}/clips/tortoise_232748_00007.wav,spoof,tortoise,2,8.0,-22.76,0.9998915195465088,0.9998374581336975
${DATA_ROOT}/clips/tortoise_577537_00011.wav,spoof,tortoise,0,4.0,-22.56,0.9995359182357788,0.9995359182357788
${DATA_ROOT}/clips/tortoise_596505_00013.wav,spoof,tortoise,0,4.0,-23.37,0.9997573494911194,0.9997573494911194
${DATA_ROOT}/clips/tortoise_596505_00013.wav,spoof,tortoise,1,6.0,-25.98,0.9993284940719604,0.9995429217815399
${DATA_ROOT}/clips/tortoise_596505_00013.wav,spoof,tortoise,2,8.0,-22.98,0.999675989151001,0.9996094554662704
${DATA_ROOT}/clips/tortoise_596505_00013.wav,spoof,tortoise,3,10.0,-21.47,0.9997249245643616,0.999667190015316
${DATA_ROOT}/clips/tortoise_596505_00013.wav,spoof,tortoise,4,12.0,-20.99,0.9997462630271912,0.9997067265212536
${DATA_ROOT}/clips/tortoise_596505_00013.wav,spoof,tortoise,5,14.0,-23.69,0.9990271329879761,0.9993669297546148
${DATA_ROOT}/clips/tortoise_111627_00016.wav,spoof,tortoise,0,4.0,-22.45,0.9995645880699158,0.9995645880699158
${DATA_ROOT}/clips/tortoise_111627_00016.wav,spoof,tortoise,1,6.0,-22.34,0.9996174573898315,0.9995910227298737
${DATA_ROOT}/clips/tortoise_238121_00023.wav,spoof,tortoise,0,4.0,-22.51,0.9971152544021606,0.9971152544021606
${DATA_ROOT}/clips/tortoise_577537_00041.wav,spoof,tortoise,0,4.0,-21.85,0.9994186162948608,0.9994186162948608
${DATA_ROOT}/clips/tortoise_945728_00059.wav,spoof,tortoise,0,4.0,-20.88,0.6744202971458435,0.6744202971458435
${DATA_ROOT}/clips/tortoise_945728_00059.wav,spoof,tortoise,1,6.0,-21.11,0.8638110160827637,0.7691156566143036
${DATA_ROOT}/clips/tortoise_945728_00059.wav,spoof,tortoise,2,8.0,-23.74,0.986112654209137,0.8776141554117203
${DATA_ROOT}/clips/tortoise_945728_00059.wav,spoof,tortoise,3,10.0,-24.58,0.9847938418388367,0.9312039986252785
${DATA_ROOT}/clips/tortoise_111627_00061.wav,spoof,tortoise,0,4.0,-24.23,0.9064525961875916,0.9064525961875916
${DATA_ROOT}/clips/tortoise_111627_00061.wav,spoof,tortoise,1,6.0,-21.69,0.6955077648162842,0.8009801805019379
${DATA_ROOT}/clips/tortoise_165325_00065.wav,spoof,tortoise,0,4.0,-21.2,0.999711811542511,0.999711811542511
${DATA_ROOT}/clips/tortoise_165325_00065.wav,spoof,tortoise,1,6.0,-20.51,0.9991341233253479,0.9994229674339294
${DATA_ROOT}/clips/tortoise_165325_00065.wav,spoof,tortoise,2,8.0,-23.9,0.0004356571298558265,0.49992931228189263
${DATA_ROOT}/clips/tortoise_165325_00065.wav,spoof,tortoise,3,10.0,-25.34,0.0002402712416369468,0.2500847917617648
${DATA_ROOT}/clips/tortoise_165325_00065.wav,spoof,tortoise,4,12.0,-25.24,0.001044292002916336,0.12556454188234056
${DATA_ROOT}/clips/tortoise_165325_00065.wav,spoof,tortoise,5,14.0,-24.11,0.9996102452278137,0.5625873935550771
${DATA_ROOT}/clips/tortoise_111627_00076.wav,spoof,tortoise,0,4.0,-22.03,0.9993983507156372,0.9993983507156372
${DATA_ROOT}/clips/tortoise_111627_00076.wav,spoof,tortoise,1,6.0,-23.11,0.9977893829345703,0.9985938668251038
${DATA_ROOT}/clips/tortoise_111627_00076.wav,spoof,tortoise,2,8.0,-24.19,0.9990367889404297,0.9988153278827667
${DATA_ROOT}/clips/tortoise_232748_00082.wav,spoof,tortoise,0,4.0,-20.44,0.9993346333503723,0.9993346333503723
${DATA_ROOT}/clips/tortoise_232748_00082.wav,spoof,tortoise,1,6.0,-20.66,0.9989207983016968,0.9991277158260345
${DATA_ROOT}/clips/tortoise_232748_00082.wav,spoof,tortoise,2,8.0,-21.12,0.996289849281311,0.9977087825536728
${DATA_ROOT}/clips/tortoise_232748_00082.wav,spoof,tortoise,3,10.0,-22.74,0.998467743396759,0.9980882629752159
${DATA_ROOT}/clips/tortoise_232748_00082.wav,spoof,tortoise,4,12.0,-26.05,0.9932855367660522,0.9956868998706341
${DATA_ROOT}/clips/tortoise_232748_00082.wav,spoof,tortoise,5,14.0,-29.18,0.9937111139297485,0.9946990069001913
${DATA_ROOT}/clips/tortoise_386410_00084.wav,spoof,tortoise,0,4.0,-22.41,0.9984330534934998,0.9984330534934998
${DATA_ROOT}/clips/tortoise_386410_00084.wav,spoof,tortoise,1,6.0,-22.7,0.999213695526123,0.9988233745098114
${DATA_ROOT}/clips/tortoise_386410_00084.wav,spoof,tortoise,2,8.0,-23.57,0.9993687272071838,0.9990960508584976
${DATA_ROOT}/clips/tortoise_232748_00097.wav,spoof,tortoise,0,4.0,-21.49,0.9995418787002563,0.9995418787002563
${DATA_ROOT}/clips/tortoise_232748_00097.wav,spoof,tortoise,1,6.0,-27.19,0.9995418787002563,0.9995418787002563
${DATA_ROOT}/clips/tortoise_232748_00097.wav,spoof,tortoise,2,8.0,-24.13,0.9997022747993469,0.9996220767498016
${DATA_ROOT}/clips/tortoise_596505_00103.wav,spoof,tortoise,0,4.0,-20.27,0.9992547631263733,0.9992547631263733
${DATA_ROOT}/clips/tortoise_596505_00103.wav,spoof,tortoise,1,6.0,-21.43,0.9998025298118591,0.9995286464691162
${DATA_ROOT}/clips/tortoise_596505_00103.wav,spoof,tortoise,2,8.0,-23.84,0.9998680353164673,0.9996983408927917
${DATA_ROOT}/clips/tortoise_596505_00103.wav,spoof,tortoise,3,10.0,-27.19,0.9972969889640808,0.9984976649284363
${DATA_ROOT}/clips/tortoise_596505_00103.wav,spoof,tortoise,4,12.0,-25.46,0.9997718930244446,0.9991347789764404
${DATA_ROOT}/clips/tortoise_165325_00110.wav,spoof,tortoise,0,4.0,-22.48,0.9992892742156982,0.9992892742156982
${DATA_ROOT}/clips/tortoise_165325_00110.wav,spoof,tortoise,1,6.0,-23.69,0.9829095602035522,0.9910994172096252
${DATA_ROOT}/clips/tortoise_577537_00116.wav,spoof,tortoise,0,4.0,-21.56,0.9996151924133301,0.9996151924133301
${DATA_ROOT}/clips/tortoise_577537_00116.wav,spoof,tortoise,1,6.0,-23.26,0.9996005892753601,0.9996078908443451
${DATA_ROOT}/clips/tortoise_577537_00116.wav,spoof,tortoise,2,8.0,-23.42,0.9995654225349426,0.9995866566896439
${DATA_ROOT}/clips/tortoise_577537_00116.wav,spoof,tortoise,3,10.0,-23.26,0.9998607635498047,0.9997237101197243
${DATA_ROOT}/clips/tortoise_577537_00116.wav,spoof,tortoise,4,12.0,-23.64,0.9998406171798706,0.9997821636497974
${DATA_ROOT}/clips/tortoise_121073_00122.wav,spoof,tortoise,0,4.0,-25.08,0.9995385408401489,0.9995385408401489
${DATA_ROOT}/clips/tortoise_238121_00128.wav,spoof,tortoise,0,4.0,-23.78,0.9945787191390991,0.9945787191390991
${DATA_ROOT}/clips/tortoise_238121_00128.wav,spoof,tortoise,1,6.0,-23.37,0.9987144470214844,0.9966465830802917
${DATA_ROOT}/clips/tortoise_238121_00128.wav,spoof,tortoise,2,8.0,-22.74,0.9997101426124573,0.9981783628463745
${DATA_ROOT}/clips/tortoise_238121_00128.wav,spoof,tortoise,3,10.0,-21.5,0.9995478987693787,0.9988631308078766
${DATA_ROOT}/clips/tortoise_581145_00132.wav,spoof,tortoise,0,4.0,-21.64,0.999811589717865,0.999811589717865
${DATA_ROOT}/clips/tortoise_945728_00134.wav,spoof,tortoise,0,4.0,-21.63,0.999409556388855,0.999409556388855
${DATA_ROOT}/clips/tortoise_945728_00134.wav,spoof,tortoise,1,6.0,-24.32,0.9918322563171387,0.9956209063529968
${DATA_ROOT}/clips/tortoise_945728_00134.wav,spoof,tortoise,2,8.0,-24.86,0.9799210429191589,0.9877709746360779
${DATA_ROOT}/clips/tortoise_111627_00166.wav,spoof,tortoise,0,4.0,-22.55,0.9998210072517395,0.9998210072517395
${DATA_ROOT}/clips/tortoise_175522_00171.wav,spoof,tortoise,0,4.0,-21.42,0.9994182586669922,0.9994182586669922
${DATA_ROOT}/clips/tortoise_175522_00171.wav,spoof,tortoise,1,6.0,-24.08,0.9995658993721008,0.9994920790195465
${DATA_ROOT}/clips/tortoise_541916_00175.wav,spoof,tortoise,0,4.0,-21.59,0.9990304708480835,0.9990304708480835
${DATA_ROOT}/clips/tortoise_541916_00175.wav,spoof,tortoise,1,6.0,-24.09,0.9535928964614868,0.9763116836547852
${DATA_ROOT}/clips/tortoise_121073_00182.wav,spoof,tortoise,0,4.0,-21.41,0.9990224838256836,0.9990224838256836
${DATA_ROOT}/clips/tortoise_121073_00182.wav,spoof,tortoise,1,6.0,-22.13,0.9991973042488098,0.9991098940372467
${DATA_ROOT}/clips/tortoise_121073_00182.wav,spoof,tortoise,2,8.0,-23.59,0.9995641112327576,0.9993370026350021
${DATA_ROOT}/clips/tortoise_121073_00182.wav,spoof,tortoise,3,10.0,-24.58,0.9839637875556946,0.9916503950953484
${DATA_ROOT}/clips/tortoise_121073_00182.wav,spoof,tortoise,4,12.0,-22.72,0.986339807510376,0.9889951013028622
${DATA_ROOT}/clips/tortoise_121073_00182.wav,spoof,tortoise,5,14.0,-22.77,0.9994561076164246,0.9942256044596434
${DATA_ROOT}/clips/tortoise_175522_00186.wav,spoof,tortoise,0,4.0,-20.77,0.9991081357002258,0.9991081357002258
${DATA_ROOT}/clips/tortoise_175522_00186.wav,spoof,tortoise,1,6.0,-22.24,0.9994561076164246,0.9992821216583252
${DATA_ROOT}/clips/tortoise_175522_00186.wav,spoof,tortoise,2,8.0,-23.53,0.999408483505249,0.9993453025817871
${DATA_ROOT}/clips/tortoise_175522_00186.wav,spoof,tortoise,3,10.0,-24.03,0.9972469806671143,0.9982961416244507
${DATA_ROOT}/clips/tortoise_175522_00186.wav,spoof,tortoise,4,12.0,-24.75,0.9996082186698914,0.998952180147171
${DATA_ROOT}/clips/tortoise_175522_00186.wav,spoof,tortoise,5,14.0,-22.56,0.9996104836463928,0.9992813318967819
${DATA_ROOT}/clips/tortoise_175522_00186.wav,spoof,tortoise,6,16.0,-21.9,0.9992569088935852,0.9992691203951836
${DATA_ROOT}/clips/tortoise_175522_00186.wav,spoof,tortoise,7,18.0,-25.46,0.9867711663246155,0.9930201433598995
${DATA_ROOT}/clips/tortoise_238121_00203.wav,spoof,tortoise,0,4.0,-22.72,0.9989557266235352,0.9989557266235352
${DATA_ROOT}/clips/tortoise_238121_00203.wav,spoof,tortoise,1,6.0,-22.59,0.9971053004264832,0.9980305135250092
${DATA_ROOT}/clips/tortoise_581145_00222.wav,spoof,tortoise,0,4.0,-21.44,0.999619722366333,0.999619722366333
${DATA_ROOT}/clips/tortoise_165325_00230.wav,spoof,tortoise,0,4.0,-23.84,0.749475359916687,0.749475359916687
${DATA_ROOT}/clips/tortoise_165325_00230.wav,spoof,tortoise,1,6.0,-22.16,0.9891730546951294,0.8693242073059082
${DATA_ROOT}/clips/tortoise_577537_00236.wav,spoof,tortoise,0,4.0,-22.12,0.9997623562812805,0.9997623562812805
${DATA_ROOT}/clips/tortoise_577537_00236.wav,spoof,tortoise,1,6.0,-23.1,0.999785840511322,0.9997740983963013
${DATA_ROOT}/clips/tortoise_581145_00237.wav,spoof,tortoise,0,4.0,-22.45,0.9996381998062134,0.9996381998062134
${DATA_ROOT}/clips/tortoise_581145_00237.wav,spoof,tortoise,1,6.0,-25.18,0.9993120431900024,0.9994751214981079
${DATA_ROOT}/clips/tortoise_581145_00237.wav,spoof,tortoise,2,8.0,-23.91,0.9787730574607849,0.9891240894794464
${DATA_ROOT}/clips/tortoise_581145_00237.wav,spoof,tortoise,3,10.0,-21.9,0.7824499011039734,0.8857869952917099
${DATA_ROOT}/clips/tortoise_596505_00238.wav,spoof,tortoise,0,4.0,-22.47,0.9998687505722046,0.9998687505722046
${DATA_ROOT}/clips/tortoise_121073_00242.wav,spoof,tortoise,0,4.0,-21.29,0.995116114616394,0.995116114616394
${DATA_ROOT}/clips/tortoise_121073_00242.wav,spoof,tortoise,1,6.0,-27.05,0.9987311959266663,0.9969236552715302
${DATA_ROOT}/clips/tortoise_146859_00244.wav,spoof,tortoise,0,4.0,-22.41,0.9697220921516418,0.9697220921516418
${DATA_ROOT}/clips/tortoise_238121_00248.wav,spoof,tortoise,0,4.0,-22.36,0.998863697052002,0.998863697052002
${DATA_ROOT}/clips/tortoise_238121_00248.wav,spoof,tortoise,1,6.0,-22.43,0.9994527697563171,0.9991582334041595
${DATA_ROOT}/clips/tortoise_976811_00255.wav,spoof,tortoise,0,4.0,-21.32,0.9992817044258118,0.9992817044258118
${DATA_ROOT}/clips/tortoise_976811_00255.wav,spoof,tortoise,1,6.0,-22.63,0.9994580149650574,0.9993698596954346
${DATA_ROOT}/clips/tortoise_596505_00268.wav,spoof,tortoise,0,4.0,-22.57,0.999812662601471,0.999812662601471
${DATA_ROOT}/clips/tortoise_596505_00268.wav,spoof,tortoise,1,6.0,-22.52,0.9993022680282593,0.9995574653148651
${DATA_ROOT}/clips/tortoise_976811_00270.wav,spoof,tortoise,0,4.0,-22.45,0.9992666840553284,0.9992666840553284
${DATA_ROOT}/clips/tortoise_976811_00270.wav,spoof,tortoise,1,6.0,-22.92,0.9987471103668213,0.9990068972110748
${DATA_ROOT}/clips/tortoise_175522_00276.wav,spoof,tortoise,0,4.0,-23.31,0.9997487664222717,0.9997487664222717
${DATA_ROOT}/clips/tortoise_386410_00294.wav,spoof,tortoise,0,4.0,-20.56,0.9997579455375671,0.9997579455375671
${DATA_ROOT}/clips/tortoise_386410_00294.wav,spoof,tortoise,1,6.0,-23.36,0.9626542925834656,0.9812061190605164
${DATA_ROOT}/clips/tortoise_386410_00294.wav,spoof,tortoise,2,8.0,-24.45,0.660172700881958,0.8206894099712372
${DATA_ROOT}/clips/tortoise_541916_00310.wav,spoof,tortoise,0,4.0,-20.42,0.0005869734450243413,0.0005869734450243413
${DATA_ROOT}/clips/tortoise_541916_00310.wav,spoof,tortoise,1,6.0,-22.99,0.00021693877351935953,0.00040195610927185044
${DATA_ROOT}/clips/tortoise_541916_00310.wav,spoof,tortoise,2,8.0,-23.14,0.00021193323482293636,0.0003069446720473934
${DATA_ROOT}/clips/tortoise_541916_00310.wav,spoof,tortoise,3,10.0,-23.31,0.00020296858565416187,0.00025495662885077763
${DATA_ROOT}/clips/tortoise_541916_00310.wav,spoof,tortoise,4,12.0,-25.57,0.00019291329954285175,0.0002239349641968147
${DATA_ROOT}/clips/tortoise_541916_00310.wav,spoof,tortoise,5,14.0,-23.11,0.00019956639152951539,0.00021175067786316504
${DATA_ROOT}/clips/tortoise_541916_00310.wav,spoof,tortoise,6,16.0,-22.98,0.00020130125631112605,0.00020652596708714555
${DATA_ROOT}/clips/tortoise_165325_00320.wav,spoof,tortoise,0,4.0,-23.07,0.9995655417442322,0.9995655417442322
${DATA_ROOT}/clips/tortoise_165325_00320.wav,spoof,tortoise,1,6.0,-22.91,0.9997689127922058,0.999667227268219
${DATA_ROOT}/clips/tortoise_541916_00325.wav,spoof,tortoise,0,4.0,-22.15,0.9974955916404724,0.9974955916404724
${DATA_ROOT}/clips/tortoise_541916_00325.wav,spoof,tortoise,1,6.0,-22.49,0.9198874235153198,0.9586915075778961
${DATA_ROOT}/clips/tortoise_577537_00326.wav,spoof,tortoise,0,4.0,-21.78,0.9997490048408508,0.9997490048408508
${DATA_ROOT}/clips/tortoise_175522_00336.wav,spoof,tortoise,0,4.0,-20.66,0.9990442395210266,0.9990442395210266
${DATA_ROOT}/clips/tortoise_175522_00336.wav,spoof,tortoise,1,6.0,-21.05,0.9991549253463745,0.9990995824337006
${DATA_ROOT}/clips/tortoise_175522_00336.wav,spoof,tortoise,2,8.0,-22.98,0.9994756579399109,0.9992876201868057
${DATA_ROOT}/clips/tortoise_175522_00336.wav,spoof,tortoise,3,10.0,-23.77,0.9990185499191284,0.9991530850529671
${DATA_ROOT}/clips/tortoise_175522_00336.wav,spoof,tortoise,4,12.0,-23.31,0.9984847903251648,0.9988189376890659
${DATA_ROOT}/clips/tortoise_175522_00336.wav,spoof,tortoise,5,14.0,-23.72,0.998420000076294,0.9986194688826799
${DATA_ROOT}/clips/tortoise_175522_00336.wav,spoof,tortoise,6,16.0,-25.81,0.9992749094963074,0.9989471891894937
${DATA_ROOT}/clips/tortoise_238121_00338.wav,spoof,tortoise,0,4.0,-21.91,0.5564342737197876,0.5564342737197876
${DATA_ROOT}/clips/tortoise_238121_00338.wav,spoof,tortoise,1,6.0,-22.37,0.6760491728782654,0.6162417232990265
${DATA_ROOT}/clips/tortoise_577537_00356.wav,spoof,tortoise,0,4.0,-22.13,0.9996148347854614,0.9996148347854614
${DATA_ROOT}/clips/tortoise_596505_00358.wav,spoof,tortoise,0,4.0,-21.1,0.9980491399765015,0.9980491399765015
${DATA_ROOT}/clips/tortoise_596505_00358.wav,spoof,tortoise,1,6.0,-22.84,0.9993208646774292,0.9986850023269653
${DATA_ROOT}/clips/tortoise_121073_00362.wav,spoof,tortoise,0,4.0,-22.48,0.998807430267334,0.998807430267334
${DATA_ROOT}/clips/tortoise_541916_00370.wav,spoof,tortoise,0,4.0,-22.3,0.0003315487701911479,0.0003315487701911479
${DATA_ROOT}/clips/tortoise_541916_00370.wav,spoof,tortoise,1,6.0,-23.74,0.00022934221487957984,0.0002804454925353639
${DATA_ROOT}/clips/tortoise_945728_00374.wav,spoof,tortoise,0,4.0,-22.76,0.9990825653076172,0.9990825653076172
${DATA_ROOT}/clips/tortoise_232748_00382.wav,spoof,tortoise,0,4.0,-22.64,0.9996278285980225,0.9996278285980225
${DATA_ROOT}/clips/tortoise_541916_00400.wav,spoof,tortoise,0,4.0,-21.86,0.9983618855476379,0.9983618855476379
${DATA_ROOT}/clips/tortoise_541916_00400.wav,spoof,tortoise,1,6.0,-23.92,0.0007728600758127868,0.49956737281172536
${DATA_ROOT}/clips/tortoise_976811_00405.wav,spoof,tortoise,0,4.0,-21.17,0.4528135061264038,0.4528135061264038
${DATA_ROOT}/clips/tortoise_976811_00405.wav,spoof,tortoise,1,6.0,-23.91,0.986457884311676,0.7196356952190399
${DATA_ROOT}/clips/tortoise_111627_00406.wav,spoof,tortoise,0,4.0,-26.4,0.9411448836326599,0.9411448836326599
${DATA_ROOT}/clips/tortoise_111627_00406.wav,spoof,tortoise,1,6.0,-21.94,0.8190153241157532,0.8800801038742065
${DATA_ROOT}/clips/tortoise_111627_00406.wav,spoof,tortoise,2,8.0,-19.85,0.9368672370910645,0.9084736704826355
${DATA_ROOT}/clips/tortoise_111627_00406.wav,spoof,tortoise,3,10.0,-22.31,0.9979715943336487,0.9532226324081421
${DATA_ROOT}/clips/tortoise_581145_00417.wav,spoof,tortoise,0,4.0,-22.63,0.9993435740470886,0.9993435740470886
${DATA_ROOT}/clips/tortoise_976811_00420.wav,spoof,tortoise,0,4.0,-22.27,0.999745786190033,0.999745786190033
${DATA_ROOT}/clips/tortoise_976811_00420.wav,spoof,tortoise,1,6.0,-22.77,0.9880728125572205,0.9939092993736267
${DATA_ROOT}/clips/tortoise_976811_00420.wav,spoof,tortoise,2,8.0,-22.59,0.997772753238678,0.9958410263061523
${DATA_ROOT}/clips/tortoise_976811_00420.wav,spoof,tortoise,3,10.0,-22.65,0.9997426867485046,0.9977918565273285
${DATA_ROOT}/clips/tortoise_976811_00420.wav,spoof,tortoise,4,12.0,-23.15,0.9992489218711853,0.9985203891992569
${DATA_ROOT}/clips/tortoise_976811_00420.wav,spoof,tortoise,5,14.0,-23.95,0.000676219817250967,0.49959830450825393
${DATA_ROOT}/clips/tortoise_238121_00428.wav,spoof,tortoise,0,4.0,-22.19,0.9959309697151184,0.9959309697151184
${DATA_ROOT}/clips/tortoise_238121_00428.wav,spoof,tortoise,1,6.0,-23.64,0.9940446019172668,0.9949877858161926
${DATA_ROOT}/clips/tortoise_238121_00428.wav,spoof,tortoise,2,8.0,-23.79,0.9993150234222412,0.9971514046192169
${DATA_ROOT}/clips/tortoise_238121_00428.wav,spoof,tortoise,3,10.0,-23.14,0.9973746538162231,0.99726302921772
${DATA_ROOT}/clips/tortoise_541916_00430.wav,spoof,tortoise,0,4.0,-21.77,0.00026813417207449675,0.00026813417207449675
${DATA_ROOT}/clips/tortoise_596505_00448.wav,spoof,tortoise,0,4.0,-22.27,0.9996048808097839,0.9996048808097839
${DATA_ROOT}/clips/tortoise_146859_00454.wav,spoof,tortoise,0,4.0,-22.9,0.00022244075080379844,0.00022244075080379844
${DATA_ROOT}/clips/tortoise_146859_00454.wav,spoof,tortoise,1,6.0,-23.62,0.00023371874704025686,0.00022807974892202765
${DATA_ROOT}/clips/tortoise_146859_00454.wav,spoof,tortoise,2,8.0,-25.53,0.019587062299251556,0.009907571024086792
${DATA_ROOT}/clips/tortoise_146859_00454.wav,spoof,tortoise,3,10.0,-22.84,0.0005358956987038255,0.005221733361395309
${DATA_ROOT}/clips/tortoise_386410_00459.wav,spoof,tortoise,0,4.0,-22.74,0.9992524981498718,0.9992524981498718
${DATA_ROOT}/clips/tortoise_577537_00461.wav,spoof,tortoise,0,4.0,-22.22,0.9963701963424683,0.9963701963424683
${DATA_ROOT}/clips/tortoise_111627_00466.wav,spoof,tortoise,0,4.0,-25.1,0.9930053353309631,0.9930053353309631
${DATA_ROOT}/clips/tortoise_111627_00466.wav,spoof,tortoise,1,6.0,-20.28,0.9699962139129639,0.9815007746219635
${DATA_ROOT}/clips/tortoise_121073_00467.wav,spoof,tortoise,0,4.0,-22.29,0.9998266100883484,0.9998266100883484
${DATA_ROOT}/clips/tortoise_121073_00467.wav,spoof,tortoise,1,6.0,-22.16,0.9997567534446716,0.99979168176651
${DATA_ROOT}/clips/tortoise_121073_00467.wav,spoof,tortoise,2,8.0,-22.97,0.9998708963394165,0.9998312890529633
${DATA_ROOT}/clips/tortoise_121073_00467.wav,spoof,tortoise,3,10.0,-23.83,0.999883770942688,0.9998575299978256
${DATA_ROOT}/clips/tortoise_238121_00488.wav,spoof,tortoise,0,4.0,-21.83,0.9990853071212769,0.9990853071212769
${DATA_ROOT}/clips/tortoise_111627_00496.wav,spoof,tortoise,0,4.0,-22.76,0.6274081468582153,0.6274081468582153
${DATA_ROOT}/clips/tortoise_111627_00496.wav,spoof,tortoise,1,6.0,-21.16,0.732218325138092,0.6798132359981537
${DATA_ROOT}/clips/tortoise_111627_00496.wav,spoof,tortoise,2,8.0,-22.35,0.9994480013847351,0.8396306186914444
${DATA_ROOT}/clips/tortoise_111627_00496.wav,spoof,tortoise,3,10.0,-24.09,0.9979211688041687,0.9187758937478065
${DATA_ROOT}/clips/tortoise_111627_00496.wav,spoof,tortoise,4,12.0,-27.17,0.9971612691879272,0.9579685814678669
${DATA_ROOT}/clips/tortoise_165325_00500.wav,spoof,tortoise,0,4.0,-21.8,0.9899715185165405,0.9899715185165405
${DATA_ROOT}/clips/tortoise_165325_00500.wav,spoof,tortoise,1,6.0,-23.88,0.8494390249252319,0.9197052717208862
${DATA_ROOT}/clips/tortoise_165325_00500.wav,spoof,tortoise,2,8.0,-24.61,0.9950270056724548,0.9573661386966705
${DATA_ROOT}/clips/tortoise_165325_00500.wav,spoof,tortoise,3,10.0,-26.98,0.39676713943481445,0.6770666390657425
${DATA_ROOT}/clips/tortoise_165325_00500.wav,spoof,tortoise,4,12.0,-22.1,0.003273265901952982,0.34016995248384774
${DATA_ROOT}/clips/tortoise_165325_00500.wav,spoof,tortoise,5,14.0,-21.02,0.8628518581390381,0.6015109053114429
